disease,name,description,title,tag_name,link
失智症,失智者常常忘了已經吃過飯，有重複進食的現象且一直吵著要東西吃，該順從他並提供食物嗎？,許多失智者因為判斷能力喪失，不知道是否已到該吃飯的時間，或有妄想症狀，以為自己沒有吃東西，導致不斷反覆要求進食，要不到食物動輒吵鬧、生氣，也有失智者因為不斷吃進食物而體重增加，也曾有失智者妄想自己遭到家人虐待、不給食物吃，而向他人抱怨，進而造成家庭失和。若家中失智者忘記吃過飯，還要求吃正餐，可以先嘗試用委婉的口氣提醒，例如指著時鐘告訴他說「剛剛已經吃過午餐，晚餐時間還沒到」。時鐘旁可搭配製作失智者的生活作息表，讓他知道目前的時程已過正餐時間。也可透過其它活動轉移其注意力，讓失智者不要一直在「吃東西」上鑽牛角尖。若轉移注意力方式無效，則透過少量多餐方式將正餐分次提供，在控制一日熱量前提下，滿足失智者「吃」的需求。,拒食或亂食,飲食和營養,https://health.udn.com/health/care/129/292608
失智症,媽媽會亂翻冰箱裡的東西來吃，不管是什麼東西統統裝下肚，還因此上吐下瀉，該如何避免？,許多民眾將剩菜收到冰箱之後，不小心就放到過期，正常人看到不新鮮的食物就不會去碰，但失智者因為判斷能力喪失，有時無法分辨冰箱裡的東西是否還能吃，就統統吃下肚，進而影響健康。避免失智者一直開冰箱，可先用他喜歡的玩偶、玩具等物件轉移注意力。有時照顧者無法在失智者身旁安撫，最好方法就是只在冰箱裡放「能吃」的東西，盡量不要把過期、腐敗的食物留在冰箱，並在容器、包裝上以大字清楚標示內容，例如把醬油當作咖啡喝下肚。或許有些人會詢問，如果把食物、食材用塑膠袋層層包起，是否能防止失智者吃下肚？其實這未必是個好方法，因為不少失智者雖然喪失判斷力，但仍有高度好奇心，如果看見包裝嚴密的物品，更會因為好奇而打開，最好的做法，就是把不能吃的東西收好，能吃的食物也盡量分裝小袋，以免一次吃太多。,拒食或亂食,飲食和營養,https://health.udn.com/health/care/129/292609
失智症,奶奶拒絕吃飯，體重還因此減輕，家人也拿她沒辦法，該強迫失智者進食嗎？怎麼做才正確？,部分失智者不想吃東西，背後有許多原因，首先，病程到了晚期，疾病本身就會導致吞嚥功能變差，吃東西卡卡的，讓進食變成一件不愉快的事。如果合併憂鬱症，則會導致心情不好，食不下嚥。再者，照顧者的態度不佳，口氣不耐煩，有些失智者就會耍脾氣，不想吃東西。不管失智者是因為哪一種原因，而不願進食，照顧者都不應強迫進食，而是態度溫和，以言語鼓勵失智者吃東西，主動詢問「想吃些什麼？」，即使那些東西不太營養，例如，高溫油炸的雞排，但那也沒關係，想吃什麼都可，因為失智者體重一旦變輕，預後變得很差，可能讓病情惡化速度更快。,拒食或亂食,飲食和營養,https://health.udn.com/health/care/129/292610
失智症,有一次家人看到爺爺將廁所裡的肥皂偷藏起來，不一會兒就往嘴裡塞，該怎麼制止他亂吃東西？,失智者到了一定程度，判斷能力就會變差，不知道什麼可以吃、什麼不可以吃，如果遇到這種狀況，照顧者應有耐心地告訴他，「這是肥皂，不能吃。」當照顧者想拿回肥皂時，需有替代的東西和失智者交換，例如他愛吃的小餅乾或玩具物件等。有些人認為，肥皂口感不佳，吃起來苦苦澀澀的，應該咬了一口，就不會繼續吃，事實上，失智者味覺嗅覺功能可能出現問題，即使不好吃、不能吃的東西，可能也會直接往嘴巴裡塞。如要預防失智者亂吃東西，建議平常做好預防措施，例如，協助洗澡時，將肥皂搓出泡泡，告訴他，「這是肥皂，是用來洗澡的，吃了會肚子痛」，另外，洗澡後將肥皂收好，避免誤食。,拒食或亂食,飲食和營養,https://health.udn.com/health/care/129/292611
失智症,為什麼爺爺喝水都會嗆到且不停咳嗽呢？該怎麼協助他比較好？,只要喝水就咳嗽，顯示失智者可能已經吞嚥困難，建議先別讓失智者喝水，吞嚥障礙通常合併牙口不好，也停止進食需咀嚼的食物。很多家庭面對失智者吃東西咬不動或容易嗆到，直覺認為是食物不夠軟，常採買葉菜類、瓜類煮到太過軟爛，他們很難吃得下去。建議先選擇質地較軟的食物，如豆腐、蒸蛋、魚肉等，減少使用兩隻腳、四隻腳的肉品，再將食物打碎。另外，吞嚥障礙的失智者沒辦法直接攝取過多水分，容易出水的食物須使用增稠劑或太白粉、麥精、米粉、蓮藕粉等。失智者也可做「健口操」保健口腔機能，例如輕輕拍打臉部，可刺激唾液分泌，加強攝食吞嚥機能，預防窒息、誤嚥及吸入性肺炎等問題。,喝水與吞嚥,飲食和營養,https://health.udn.com/health/care/129/292612
失智症,媽媽不愛喝水，常導致泌尿道感染，該用什麼方式讓她多喝水？有其它可以替代水的東西嗎？,失智者伴隨認知功能退化，對口渴的感覺會比較遲鈍，照顧者如果沒有仔細地觀察，非常難發覺。建議照顧者將失智者每日所需的飲水量裝在定量水壺中，以計算失智者每天的喝水量，並定時提醒喝水。若失智者因為行動不便，怕頻尿或漏尿而不敢喝水，家人可視狀況定時協助如廁。水分的需求量以體重每公斤30C.C.計算，50公斤的成人每天需要1500C.C.，若流汗較多的人需要增加飲水量。另可觀察失智者的尿液顏色，顏色呈現淡黃色，代表水分足夠；若呈現深黃色、烏龍茶色，代表水分不足，要趕緊補充。除了白開水外，飲食中的牛奶、豆漿、果汁、湯品等，都是水分的來源。若不喜歡喝白開水，可視身體狀況及喜好給予檸檬水、枸杞茶、蜂蜜水、花茶或淡茶等飲品替代。,喝水與吞嚥,飲食和營養,https://health.udn.com/health/care/129/292613
失智症,婆婆吃飯時，常常將食物含在嘴巴，或咬一咬就吐掉，是因為吞嚥困難嗎？,可能原因有二，一是失智者口腔內有傷口或配戴不合適的假牙，造成咀嚼功能受限。二是可能覺得食物不合胃口、吃不下、對特定人事物有其它需求等原因，才會含著食物不吞或咬一咬吐掉等行為，表達情緒。隨病情進展，失智者的確有可能發生忘記怎麼咀嚼與吞嚥的狀況，若是如此，進食的同時，宜盡量減少環境刺激，避免播放電視節目或交談，否則失智者可能無法專心吃東西。或可引導進食，拆解進食動作，耐心引導失智者張口咀嚼食物，或給予少量開水或湯，失智者會因其反射動作，而將食物順利吞嚥。,喝水與吞嚥,飲食和營養,https://health.udn.com/health/care/129/292614
失智症,怕失智者進食時會有噎到的危險，在食材準備上，需要特別注意什麼問題嗎？,為幫助失智者吞嚥或防止噎到喉嚨，固態食物可切小磨碎，飲料與湯品可加入合格食物增稠劑，提升黏稠度，且不影響食物營養與味道。餵食姿勢也須留心，若照顧者站立餵食，失智者仰頭張口接食物，但呼吸道也隨著仰頭打開，增加嗆咳風險。建議照顧者應與失智者面對面坐著，讓失智者身體坐直、頭微微往前傾，就像一般人平常略微低頭吃飯一樣。餵食過程中盡量減少湯匙放在失智者唇外，避免讓他自行張口吸食；建議照顧者將湯匙放進失智者口內約1/3的位置，讓他含住湯匙攝取食物，較不容易嗆到。此外，照顧者的進食指令要簡短明確，如「吃一口」、「咬一咬」、「吞下去」，避免同時下多個指令，做完一個動作再給下個指令，也有助防止嗆咳。,喝水與吞嚥,飲食和營養,https://health.udn.com/health/care/129/292615
失智症,想鼓勵失智者自行吃飯，該如何挑選餐具？家中一般的碗筷是否可以提供給失智者使用？,"餐具的準備須因應失智者狀況調整，若進食無特別問題，可以用原來熟悉的餐具；若失智者有生理或認知上的狀況，可針對情況，選擇其它功能的餐具，維持失智者自我進食的能力。1. 手抖或精細動作不佳：使用好抓握的餐具，如粗柄湯匙、輔助筷或筷子固定器。飯碗選擇碗面較為垂直或內縮的形制，減少舀起碗內食物時灑出的情形。搭配防滑餐墊或具有止滑功能的碗盤，固定餐具位置。2. 進食速度過快：使用匙面較小的湯匙及較大的淺盤子，協助減緩進食速度。3. 容易分心、沒食欲、眼力不佳：使用較鮮豔、與食物對比顏色較大的餐具，如紅色或輔具資源入口網黃色，吸引失智者注意，也能看清楚食物。4. 喝飲品易嗆咳：使用長嘴杯或吸管控制一口的量，也可使用斜口杯讓其喝水時仰頭角度較小，減少嗆咳的機會。",用餐環境,飲食和營養,https://health.udn.com/health/care/129/292616
失智症,家人喜歡邊看電視邊吃飯，但只要有聲音，失智的婆婆就會突然不吃飯，是環境影響產生不安全感嗎？,失智者隨病程進展，注意力也跟著受影響，例如，當電視有聲音出現時，可能會對患者產生干擾，無心進食，產生類似食欲不佳的行為。建議讓失智者的進食環境單純，桌面整齊乾淨，只擺放與進食相關的物品，避免製造其它聽覺、視覺干擾，讓失智者可以專心進食。若容易受外在環境影響，要設法避免突然將食物倒在地上或發出怪聲的失控行為，否則不建議外出參加家族聚餐，太多聲音刺激會讓失智者感到焦躁不安，反而更容易脫序。在安撫技巧上，可以先問「為什麼要這樣？」讓失智者表達意見，了解他們的想法，如果只是重複說不可以，則效果有限，不了解他的想法，較難以平撫情緒。有些餐廳不一定理解失智者行為，容易產生誤會，照顧者也可提醒餐廳加入「瑞智友善商家」，成為願意幫助社區失智者的愛心店家。,用餐環境,飲食和營養,https://health.udn.com/health/care/129/292617
失智症,想帶失智爸爸參加家族聚餐，但又深怕會有失控行為，用餐時需注意什麼事情嗎？,部分失智者常在用餐時，站起來走來走去，或忘了如何吃東西；有些則是吃到一半，突然將碗或盤中食物倒在地上。如有上述行為，建議先設法控制行為情緒，否則不建議外出參加家族聚餐，因為外界干擾，加上太多聲音刺激，容易讓失智者感到焦躁不安，行為反而更容易脫序，不受控制。在控制行為及情緒小技巧上，可以先問失智者「為什麼要這樣？」讓失智者表達意見，了解他們的想法，如果只是重複說不可以，則效果有限，不了解他的想法，較難以平撫情緒。有些餐廳不一定理解失智者行為，容易產生誤會，照顧者也可提醒餐廳加入「瑞智友善商家」，成為願意幫助社區失智者的愛心店家。,用餐環境,飲食和營養,https://health.udn.com/health/care/129/292618
失智症,失智者跟一般人一樣一天三餐嗎？每餐的量該準備多少呢？,失智者若搞不清楚白天與黑夜，也容易忘記有沒有吃過飯，明明剛吃過，卻跟家人告狀護理之家荼毒他，也有些失智者日夜顛倒，白天睡覺、晚上活躍。所以，配餐要非常有彈性，一般人一天吃三餐，失智者一天可以配置四餐，除了三餐，再配上一餐點心，補充熱量不足。失智者活動力不如一般人，每天所需熱量大約是一般人八成，失智者吃飯時，可能恍神或像小孩一樣哭鬧，有時就算吃了三餐，也因為挑食、不敢喝牛奶、不敢吃菜等，營養素攝取不足，這時就得靠第四餐的點心補充。失智者的餐點量可和一般人一樣，約三菜一湯，因應失智者牙口，最好是咬得動的菜色。至於攝取熱量應該如估算，以一天1600大卡為例，大約是一天吃下三份全穀根莖類，如白米飯、三份蔬果、兩份水果、四份蛋豆魚肉類、兩湯匙油脂（等於六份油脂），若額外補充堅果類，一天最多吃一到兩份，同步減少油脂，改為一天最多一湯匙油脂。每份大小是8分滿水的碗，大約等於一個拳頭大小。,營養,飲食和營養,https://health.udn.com/health/care/129/292619
失智症,家人罹患血管性失智症，飲食需要準備清淡一些嗎？有什麼其它該注意的地方？,"血管性失智者最重要的是「預防再次中風」，平常愛吃大魚大肉的習慣一定要改，建議失智者採「得舒飲食」，高鉀、高鎂、高鈣、高膳食纖維、低飽和脂肪酸、低膽固醇，多吃全穀類食物、每天五蔬果、紅肉改白肉、降低動物油脂攝取，多吃堅果類、改喝低脂牛乳等。如何攝取得舒飲食，據衛福部國健署建議：● 全穀根莖類：2/3主食選擇未精製過的全穀類，可用根莖類代替白飯。● 天天5＋5蔬果：選擇含鉀多蔬果，如莧菜、菠菜、空心菜、青花菜、香菇、金針菇、竹筍，水果可選擇木瓜、芭樂、奇異果、香蕉、香瓜等。● 喝低脂牛乳：每天攝取1.5至2杯低脂乳品；若有乳糖不耐症，則可改喝優酪乳、優格。● 紅肉改白肉：每日蛋白質半數從植物攝取，如黃豆製品，另可選擇去皮白肉，如雞、魚等，少吃紅肉，如牛肉、豬肉、羊肉等。● 吃堅果用好油：烹調油可使用橄欖油、葵花油等，一天一湯匙堅果類食物，如芝麻、花生、核桃仁、腰果、松子、杏仁，可降低體內低密度脂蛋白膽固醇。要原本愛吃大魚大肉的失智者改口味，有時真的很難。臨床曾快速幫忙更改飲食，卻被嫌得一蹋糊塗，頻說「好難吃」，對於口味無法跟上健康腳步的失智者，可以逐步調整鹹度，讓他們慢慢接受，預防再次中風。",營養,飲食和營養,https://health.udn.com/health/care/129/292620
失智症,請問除了正餐以外，還需要額外準備營養品給失智長輩嗎？,市面上營養品多樣，需視失智者進食情形評估是否需要或選擇哪種營養品。建議家人多陪伴失智者用餐，觀察其六大類食物的進食量，是否有哪些類別的食物吃得比較少，再詢問營養師如何選擇及食用量的建議。平日可從觀察失智者體重下手，若沒有特別節食，但體重卻明顯減輕很多（一個月內少5%以上，半年內少超過10%），恐是健康亮紅燈警訊。找出失智者進食量減少的原因也很重要，包括定期看牙科，確認是否有牙痛、缺牙或咀嚼功能變差等情形，避免影響進食量或食欲。隨著失智病情進展，失智者會出現被害妄想、忘記吃、拒食、吞嚥困難等問題，造成營養不良，家人還需多觀察，以便尋求專業協助。到了晚期，失智症會導致吞嚥功能變差，讓進食變成一件不愉快的事。換個角度思考，高溫油炸的雞排雖然不太營養，但後期想吃什麼都可以，因為失智者體重一旦變輕，預後變得很差，可能讓病情惡化速度更快。,營養,飲食和營養,https://health.udn.com/health/care/129/292621
失智症,請問失智者有特別需要攝取的營養素嗎？有哪些食物富含這些營養素呢？,除非失智者本身缺乏特別的營養素，否則不建議為了改善認知功能額外補充營養素，均衡營養與良好的進食功能，才是延緩失智症病程重要的方法。營養不良可能會增加失智者發生異常行為的情形，造成病情惡性循環，建議家人每月幫失智者測量並記錄體重，多觀察進食情形，包括各類食物的攝取量、咀嚼及吞嚥功能是否有改變，提供醫療團隊評估，營養師會針對可能攝取不足的營養素提供建議。另外，儘量處理造成失智者營養不良的因素，例如避免限制失智者飲食的內容和種類、提供喜好口味或懷念的料理、家人陪伴用餐等，用各種方式鼓勵他們進食，讓他們覺得吃飯是一件快樂的事，盡量不要因為異常飲食行為責罵失智者。,營養,飲食和營養,https://health.udn.com/health/care/129/292622
失智症,我知道「地中海飲食」可以預防失智，但對於已經失智的家人還有用嗎？,各類型失智症的成因不同，阿茲海默症是因類澱粉蛋白沉澱，而缺乏B12則易造成其它類型失智症，地中海飲食能預防的是血管性失智症等慢性疾病，如果失智者無法接受地中海飲食，適度放寬飲食限制，也可增加失智者情緒穩定。地中海飲食會攝取大量顏色豐富的蔬果，約占每日總攝食量的一半；澱粉類為全穀、全麥、雜糧；蛋白質以近海捕撈的海鮮為主，如秋刀魚、沙丁魚、蚵仔、牡蠣、文蛤，此外還有堅果、豆類、牛奶、雞蛋；肉類以白肉為主；油脂類則為橄欖油，平時也會喝少量紅酒。魚類的Omega-3脂肪酸有助於腦細胞功能，能降低心血管疾病發生率；蔬果與全榖雜糧富含維生素、礦物質與植化素，如番茄有茄紅素、黃豆有異黃酮、葡萄有白藜蘆醇等，整體飲食能抗發炎、抗氧化，幫助清除自由基，上述營養素皆能延緩老化，並降低慢性病的發生率。,營養,飲食和營養,https://health.udn.com/health/care/129/292623
失智症,媽媽以前不愛甜食，罹患失智症後卻很嗜甜，失智會造成口味改變？失智者愛吃甜該怎麼應對？,失智可能讓腦部特定部位受損，若影響掌管語言的區域會限制表達能力，若影響對食物口味的感受，飲食偏好可能就會與年輕時不同。過量攝取精製糖可能提升肥胖、糖尿病及與肥胖有關的癌症（乳癌、大腸癌、前列腺癌）等疾病風險，因此，世界衛生組織建議每日攝取糖量低於總熱量的一成。以一天攝取總熱量1800大卡為例，每天吃進的添加糖約180大卡（45公克）。讓失智者享受飲食也很重要，若失智者嗜甜，可思考如何讓失智者吃甜食兼顧健康，例如，吃水果取代喝純果汁，或喝現打果汁不去渣，少量水果搭配優格也是一道美味的點心。若失智者想吃糖，可一次給予少許分量，同時藉其它活動轉移失智者注意力，避免糖分過量。,營養,飲食和營養,https://health.udn.com/health/care/129/292624
失智症,媽媽每天都會站在衣櫃前挑衣服，一挑就是好幾個小時，也不願接受別人代挑，該怎麼辦才好？,照顧失智者，不能用單一行為的照顧模式照顧所有失智者，還需考量背後的意義。像案例中的媽媽，看到衣櫃有太多衣服，反而讓她無所適從，不知如何選擇，造成焦慮感，產生重複行為的焦慮，例如將衣服拿來拿去，建議可拿出兩套衣物給奶奶二選一，較不會造成她混亂。對於照顧者來說，失智者的衣櫃裡，到底該如何擺置衣服？建議只要放一到兩套衣服就好，不要放滿整排衣服，減少焦慮感。對於重視外表的失智者，除了衣服二選一之外，可由家屬準備配件，例如領帶、帽子等，讓失智者穿著衣服時，可以有一些變化，創造好心情。若失智者常把髒衣服和乾淨衣物混在一起，不小心穿到髒衣服，可以趁失智者洗澡時，把換下的髒衣服收起來，以免和新衣服混到。,穿著打扮,飲食和營養,https://health.udn.com/health/care/129/292625
失智症,公公最近常穿同一件衣褲不願換洗，身上散發濃濃異味，該用何種方式誘導他換衣服？,首先還是需要先詢問失智者，不願更換衣褲的原因？再向他具體說明，指出衣物汙染異味的地方，但過程中照顧者仍須維持失智者尊嚴，不用與失智者爭論衣物汙染原因，若他尿濕褲子，僅指出褲子濕了就好，可避免提及是失智者尿濕所致。另外，可與失智者討論能接受多久時間替換清洗衣物？例如濕衣褲容易造成感冒，先替換乾淨衣褲，洗淨後再換回來。部分失智者較執著，堅持要穿特定衣服，若失智者喜歡穿同款式、同顏色的衣服，而不願換洗時，可多準備幾套相同的衣服替換。當他願意更換衣服後，主動給予讚美，說明更換衣褲的好處，增加下一次更換衣褲的誘因。,穿著打扮,飲食和營養,https://health.udn.com/health/care/129/292626
失智症,失智者的衣物到底該依花色還是材質挑選？簡單寬鬆的衣物有助於他自行穿脫嗎？,失智者衣物以材質為第一考量，夏天選擇輕巧、吸濕、排汗涼爽的材質，冬天則以保暖、避免厚重、方便活動為主。衣著種類則盡量選擇簡單、容易穿脫的類型，避免太過合身，影響失智者行動能力。伴隨失智者手部精細功能與自我照顧功能退化，避免有綁帶的鞋子或需拉鍊和扣環的褲子，可選擇包鞋或有鬆緊帶的褲子替代。衣物花色可由失智者自主決定。在顏色選擇上，顏色對比強烈的款式，有助於失智者掌握衣服的正反面，也有助於在戶外環境中，能迅速辨識出失智者的位置，減少走失的風險。這道理近似於幼兒園舉辦戶外活動時，總是會要求孩子們戴著鮮黃色的小帽子，穿著一致的服裝。,穿著打扮,穿著和衛生,https://health.udn.com/health/care/130/292627
失智症,為什麼爺爺不喜歡穿衣服？總會自行脫掉衣物，但是天氣很冷，很擔心爺爺因此感冒。,失智者因為腦部退化，產生認知相關問題行為，可能導致對溫度、時間、地點等錯亂。穿錯衣服、無法配合天候穿著適當衣物，是失智者常見的穿衣問題行為，失智者可能會忘記如何搭配與穿脫衣物，照顧者須適時提醒與引導。像案例中的爺爺不知為何要穿，可和爺爺說，「天氣冷了，不穿衣服會感冒喔！」再不行的話，透過第三者，例如專業護理人員引導，讓爺爺相信天氣冷了，不穿衣服會感冒。定向感障礙是失智症常見症狀之一，因此平日做好現實導向（提醒與引導日期、時間、季節），對失智症者非常重要。,穿著打扮,穿著和衛生,https://health.udn.com/health/care/130/292628
失智症,母親時常盯著內衣、上衣、褲子，思索要先穿哪件，穿衣順序造成母親困擾，我該如何協助？,對於失智者而言，穿衣服是一種複雜行為，他們可能不記得自己是穿衣服還是脫衣服，家屬可先簡化失智者衣櫥的衣服，並盡可能維持失智者保有獨立穿脫與選擇衣物的能力，但考量他們的認知能力，盡量給他簡單的選擇機會，讓他們覺得可控制。另外，可將穿脫衣服的順序排好，一次交給失智者一件衣服，例如先穿上衣再穿褲子，讓他自己完成。失智者在穿衣服過程中，可給予簡單清楚的指令，用拆解步驟的方式協助他，例如「穿上襯衫」，並非「把衣服穿好」，提醒失智者下一個階段要如何穿脫衣物，給予充足的時間，切勿催促。,穿著打扮,穿著和衛生,https://health.udn.com/health/care/130/292629
失智症,失智者不會自行綁鞋帶，常常穿不耐走的拖鞋出門，請問應該挑選什麼樣的鞋子給失智者穿呢？,為避免失智者因穿錯鞋跌倒意外，建議挑選的款式是在側邊有黏扣帶設計，或側邊有魔鬼氈設計的包鞋。由於失智者血液循環較差，下肢容易水腫，黏扣帶可取代傳統鞋帶，彈性調整寬鬆度，也方便下上床穿脫，避免他失去耐心。最不建議的是懶人鞋、拖鞋，這類的鞋子包覆性不夠，容易鬆脫，造成失智者絆倒受傷。要特別提醒的是，失智者不太容易表達自己的不舒服和情緒，一般人在家裡照顧失智者時，除了要留意鞋子的舒適度、安全性之外，也要搭配舒緩雙腿的技巧，例如讓失智者午睡時稍微抬高雙腿，避免水腫等狀況，有助家人和失智者間的照顧關係。,穿著打扮,穿著和衛生,https://health.udn.com/health/care/130/292630
失智症,天冷時總想幫失智者蓋電熱毯或提供用毛巾裹好的熱水袋，但又深怕燙傷，失智者該如何保暖？,失智症分為輕度、中度、重度，輕中度失智者冷熱感知似一般長者，但亦需注意一般末梢肢體敏感，可優先選擇不直接接觸失智者的方式保暖。替失智者保暖，首先控制室內室溫約24至26度，天冷時可開暖氣。接著，為失智者穿戴手套、襪子、帽子，建議挑選羊毛與羽絨材質，羽絨可以鎖住身體熱源，而羊毛既可保熱又發熱。若想直接在身體冰冷處使用暖暖包或熱水袋，每次時間應為10至20分鐘，一天熱敷1至3次，避免燙傷。而重度失智者因無法言語，不能表達雙腳疼痛，即使被熱水袋燙傷，也無法自行移除熱水袋，照顧者需多加注意，提升照護敏感度。,冷熱知覺,穿著和衛生,https://health.udn.com/health/care/130/292631
失智症,天氣愈來愈熱，但失智的媽媽卻將毛衣一件件穿上，也不願別人幫她脫去，她感受不到熱嗎？,失智者雖然還保有基本的感受，知道冷熱，但由於失去對時間、季節的感知，分不清現在是早上還是下午，白天或晚上，也分不清春夏秋冬，不知道現在是過春節還是中秋節。由於時序錯亂，他們有時不知是否該穿大衣或薄外套。若要讓失智者四季中穿上對的衣服，不如把非當季的衣服收好，例如夏天就把厚外套、毛衣給收起，不讓失智者有接觸的機會；當夏天失智者穿厚外套時，拿一件薄的交換，也可以指著家人、路人的衣著跟他說「你看，現在天氣熱，大家都穿短袖。」若失智者不聽家人的勸告，不妨透過醫師、護理師等專業第三人，告訴他這個季節應該要穿什麼衣服，用失智者能理解的方式，心甘情願穿對的衣物。,冷熱知覺,穿著和衛生,https://health.udn.com/health/care/130/292632
失智症,夏天該準備什麼樣的衣物給失智者穿比較好？最近先生的身上長了非常多的痱子。,夏天適合挑選輕薄、透氣、易通風、排汗材質的衣服。近年成衣業發達，衣物、布料有許多機能性的突破，例如涼感降溫衣物等，這些功能性衣物，或可提供照顧者一些應對巧思和策略。對於堅持在熱天穿著多件衣物或外套的失智者，可以選擇輕薄吸濕，容易排汗，甚至還可抗紫外線的布料。有些失智者對某些衣服相當執著，可以給失智者自主挑選衣服，如果失智者拒絕衣著，也不用勉強，暫時依順並注意環境安全與保暖，不用太苛求責備。另也須注意衣著材質，優先挑選柔軟、舒適且耐洗衣服，選擇鬆緊帶、黏貼式、少鈕扣的衣物，也能更方便失智者穿脫。,冷熱知覺,穿著和衛生,https://health.udn.com/health/care/130/292633
失智症,奶奶很喜歡家人幫她梳頭髮，每次梳完都會很開心，為什麼失智後還會在意自己的外在？,梳頭髮是一種舒服的感覺，也是一種撫摸的動作，奶奶可以感受愛與重視，達到安撫作用。再者，若奶奶年經的時候很重視外出時的外表儀容，就遠期記憶還會保留以前的生活模式。像自己曾替失智者安排的活動有美容時間，觀察女性失智者，聽到可以敷臉、擦口紅、塗指甲油等，都會很開心。因此失智症不見得所有認知功能、身體功能都消失，它是有病程漸漸改變的，部分的認知功能、生活習性、過去經驗都仍存在，照顧者若能多了解失智者的生活經驗史，並結合照顧互動，可以增進失智者信任感與重視。,外表儀容,穿著和衛生,https://health.udn.com/health/care/130/292634
失智症,每次要幫父親刮鬍子，父親就會拒絕、反抗，要怎麼說服？幫失智者刮鬍子有什麼技巧嗎？,案例中父親很久沒刮鬍子，每次要幫他刮就拒絕，這是有可能發生的，因為失智讓腦部退化，逐漸失去能力，他可能忘記怎麼刮鬍子，產生抗拒。建議當失智者拒絕刮鬍子時，照顧者暫時先順著他，然後轉移他的注意力，例如跟他說「出去走走，我們待會兒再試試。」至於器具選擇，避免使用傳統刀片式刮鬍刀，改用電動式刮鬍刀，減少刮鬍子過程中，因失智者不配合，雙方產生拉扯而有皮肉傷。另外，盡量選擇在洗臉前先刮鬍子，因為毛髮碰水會軟化，反倒增加刮鬍子的難度。,外表儀容,穿著和衛生,https://health.udn.com/health/care/130/292635
失智症,奶奶吵著要上美容院燙頭髮，請問失智者能上美容院燙頭髮嗎？會不會出現什麼樣的問題呢？,失智者認知功能逐漸下降，失智者記憶力、判斷力、控制力紊亂，至美容院洗頭可能沒有時間及方向概念，因此，建議耐心對失智者講解至美容院相關洗頭流程，並尊重失智者人格與自尊，選擇燈光明亮、動線清楚且安全的優良友善店家，才不會因失智者智力低下或對環境產生錯覺、幻覺等任意斥責、譏笑。照顧者在失智者尚未熟悉至美容院動線前，要多耐心陪伴偕同到美容院，並觀察情緒變化，與失智者溝通，給予安全感，建立失智者對美容院信任。另外，照護者也須注意走失預防措施，一旦失智者迷路，便於被人發現、送回。重度失智者，定向力出現障礙，外出找不到住所，應避免單獨外出洗頭，由照顧者陪伴偕同。,外表儀容,穿著和衛生,https://health.udn.com/health/care/130/292636
失智症,家人想幫阿嬤剪指甲，但阿嬤看到剪刀，以為家人要對她不利，如何讓阿嬤乖乖剪指甲嗎？,失智者經常會忘記做日常清潔的工作，剪指甲就是其中一件讓照顧者困擾的事情。但失智者對於突如其來的動作有防衛心，家人突然拿出利剪，會令失智者害怕。因此建議家人可以用團隊引導的方式誘使阿嬤。簡單的說，當家人需要為阿嬤做某件事情時，可以先由其他家人示範動作，同時用言語誘導阿嬤，阿嬤有時會因為愛面子，願意跟著一起做。舉為阿嬤剪指甲為例，實際建議的操作方式有兩種：第一種是先由家人剪自己的指甲，讓阿嬤感覺其他家人也在剪指甲，漸漸地讓阿嬤融入團體行為；第二種方式是帶阿嬤去美容院洗頭時，順便請美容院師傅協助修剪，也可以降低家人照顧的壓力。,外表儀容,穿著和衛生,https://health.udn.com/health/care/130/292637
失智症,以前媽媽洗完澡還會噴香水，現在卻變得不修邊幅，請問幫失智者洗澡需要營造特定氛圍嗎？,很多家屬會形容，為失智者洗澡的過程猶如戰鬥營，建議照顧的家人在沐浴這一照顧難題上，要掌握時機和場域。舉例來說，如果失智者正在上廁所，此時家人要懂得把握媽媽在浴室的場域，趁機在同一空間內為她洗澡、沐浴。洗澡的技巧順序是，先從下半身慢慢脫下衣物，從清洗下肢開始，接著可以假裝不小心沾濕上半身的衣角，讓媽媽覺得衣服濕掉，必須洗澡。多數家庭都由一個主要照顧者照護失智者，因此最好平常就在浴室內備妥一套簡易的內衣褲與舒適外衣，方便隨時掌握沐浴最佳時機。另外，也可根據媽媽喜好，播放音樂或香氛，創造輕鬆氛圍。,洗澡刷牙,穿著和衛生,https://health.udn.com/health/care/130/292638
失智症,為什麼爸爸這麼抗拒洗澡？每次都要花上好幾個鐘頭，非常耗神與體力，有什麼方式可以改善？,首先要了解什麼因素讓失智者拒絕洗澡，一是因為洗澡動作較複雜，對失智者來說，面對未知事物會感到害怕。二是因為洗澡是隱私行為，若對照護者沒有信任感，也會抗拒。面對輕度失智者，可以先用勸說、引導和衛教的方式，包括事前說明、分享洗澡的好處、連結生活經驗的喜好或習慣等，例如爺爺以前很喜歡跟朋友上館子，就可跟爺爺說，「待會要去餐廳吃飯了，洗澡才不會身上臭臭的，為爺爺穿上好看的衣服，在朋友面前一定很有面子。」但若面對中、重度失智者，會因為洗澡產生很大的情緒變化，為了避免情緒帶來攻擊等傷害，可以減少洗澡次數，不強求天天洗，必要時可將失智者帶至門診，由醫師評估病況，必要時開立情緒安定劑的藥物，在洗澡前半小時服用，以穩定失智者情緒。不過最好先採引導等方式誘導失智者洗澡，千萬不可洗澡前亂服用藥物，以免產生暈眩等危險。,洗澡刷牙,穿著和衛生,https://health.udn.com/health/care/130/292639
失智症,請問幫失智者洗澡前需要準備什麼？有洗澡的SOP流程嗎？身體與頭髮是否可以分次洗？,首先注意浴室的溫度與濕度合宜，浴室和更衣室的溫度範圍為22至30度，最佳室內溫度範圍是24至26度。可使用安全暖爐溫暖浴室、地面及浴盆附止滑設施等。再者避免過度吵雜，例如抽風機聲音過大、大量沖水聲等，這些聲音容易引發失智者情緒波動。當失智者拒絕沐浴，建議選擇失智者心情好的時間洗澡，不見得必須每天洗。並給予失智者和照顧者充裕的時間沐浴，若時間允許甚至用一個早上的時間來洗澡也可。如果失智者要求去美容院洗頭髮，不願在家洗，先衡量家中經濟狀況及了解事件背後原因，再與失智者討論到美容院的次數及頻率。,洗澡刷牙,穿著和衛生,https://health.udn.com/health/care/130/292640
失智症,失智者洗完澡後皮膚易變得乾燥，請問是清潔用品選錯了嗎？該幫他擦乳液保養嗎？,皮膚的皮質腺分泌及角質層，隨著年紀增長，保水功能也跟著降低，導致皮膚抵抗力減弱、更容易敏感。皮膚乾燥好發於幾種情況，包括氣溫驟變、進入溫差過大的室內、入睡就寢時等，尤其冬天更加明顯。選用清潔保養用品，應選用不含香精、含有滋潤成分的沐浴乳或香皂清潔身體，沐浴後可塗擦不含香精且具有滋潤保濕功能的潤膚用品，如乳液、凡士林。在冬天時，可鼓勵失智者稍微曬太陽、多喝水、多運動，並協助失智者修剪指甲，減少抓癢引起傷口感染，若皮膚有點癢，可輕拍或輕輕按摩，切勿用力抓。適宜室內溫度約24度，使用電暖氣保暖時，最好在室內放一盆水，以維持空氣的濕度，避免乾燥。,洗澡刷牙,穿著和衛生,https://health.udn.com/health/care/130/292641
失智症,失智的爺爺行動不便無法下床洗澡，請問家人該如何協助沐浴？,若失智者不方便洗澡，在家裡照顧時，建議家人可使用便盆椅、洗澡椅等類的輔具，盡量讓他坐著沐浴，有些洗澡椅設計有上掀扶手、軟質的椅墊，方便家屬移動失智者，比較不會在浴室跌倒，同時也保護照顧者以免受傷。另外，如失智者一時之間不願意配合，可以依失智者的狀況彈性調整洗澡方式，例如坐著洗、站著洗、分段洗、在房間擦澡，可以不用天天洗澡。時間分配也可以彈性調整，例如以一個星期為單位，每天輪流洗身體的某一部位，洗頭髮另外安排時段，使用免沖洗肥皂以及可以穿插擦澡的方式。為顧及尊嚴，失智者不喜歡在家人面前赤身裸體，即便是親密的子女，也不容易讓失智者配合，家屬要有長期抗戰的心理準備。,洗澡刷牙,穿著和衛生,https://health.udn.com/health/care/130/292642
失智症,失智者能夠自行刷牙嗎？很怕爸爸誤吞牙膏，請問除了牙膏以外，有其它可替代的物品嗎？,"若失智者不自行刷牙，最終可能完全沒有能力自行刷牙，也就是廢用症候群，應盡量讓失智者自行刷牙，即使刷得不夠乾淨，過程中，可以利用輔具（海綿握把當牙刷握把）或從旁協助失智者刷牙，結束後再徹底幫失智者刷一次。對於有吞嚥障礙的失智者，無法漱口，或因認知障礙吞下牙膏的失智者，建議使用少量（約3厘公長度）牙膏，甚至不使用牙膏。因為一般牙膏就是潤滑，避免刷牙對牙齒及牙齦直接磨損傷害，所以即使不用牙膏，只要挑選超軟毛牙刷，配合貝氏刷牙法。若使用牙膏替代品，盡量選擇簡單。有人推薦茶葉水刷牙，但目前沒有實證醫學論證，除非失智者要求，否則不用如此。貝氏刷牙法與要領：1.正確握法，拇指前伸，比讚的手勢。2. 將刷毛對準牙齒與牙齦交接的地方，刷上顎牙齒時，刷毛朝上；刷下顎，刷毛朝下。3. 刷毛與牙齒呈45至60度角，刷毛涵蓋一點牙齦並向牙齒輕壓，使刷毛略呈圓弧。4. 牙刷定位後，作短距離的水平運動，兩顆、兩顆刷來回約刷十次。5. 刷牙時由右後方頰側開始，刷到左邊；然後左邊咬合面、左邊舌側再回到右邊舌側，然後右邊咬合面，刷牙的順序一口訣「右邊開始，右邊結束」。",洗澡刷牙,穿著和衛生,https://health.udn.com/health/care/130/292643
失智症,失智者一直想出門，甚至把窗當成門，差點發生墜樓意外，家人只能鎖門關窗嗎？該如何處理？,"對失智者而言，遊走、不斷想出門是常見且難照護的行為之一，據統計，約六成失智者曾經歷程度不一的遊走行為，照護原則首重安全的維護，其次為居家環境再設計及遊走可能原因的處置。在居家環境設計方面，可安裝居家電子攝影系統，窗戶加裝安全定位鎖，開門警示鈴聲，用門廉或屏風遮蔽主要出入口，並將門窗加鎖。也可根據失智者生活經驗，在大門張貼會讓他感到敬畏的照片，如神明圖像。另外，嘗試了解失智者可能的遊走原因，順勢處理或轉移注意力，或安排每日規律活動、適當運動和日照，有助降低遊走行為。在安全維護方面，有幾種方式：1. 定期拍攝失智者近期清晰的照片，提供意外走失協尋之用。2.申請指紋捺印，提供意外走失協尋之用。3.申請愛心手鍊後配戴。4.配戴衛星定位設備。5.替失智者縫製愛心布標。6. 台灣失智症協會也提供免費愛心布標申請，家屬可將愛心布標縫在失智者常穿的衣服、背包、帽子，以利警察或路人辨識及協助。部分家人若擔心被有心人士利用，建議改為申請愛心手鍊。",居家規畫,居家和行動,https://health.udn.com/health/care/131/292644
失智症,失智者常常搞不清楚廁所與房間的方位，說要睡覺卻跑到廁所，我該用什麼方式協助他辨別？,失智者除了空間概念變差之外，因為有些房間不在視線可及的位置或無法看清房內物品，也可能增加走錯房間的現象。協助失智者辨別房間的方法，可以分為聽覺提示與視覺的提示。剛開始出現走錯房間情形時，可給予口語提示，注意失智者動態，在失智者想要入房時，關心他要做什麼，並適時提醒方位。視覺提示部分，可保持房門敞開及光線充足，方便失智者入房前看到房內物品，以便判斷是否走對地方。若失智者的閱讀能力尚可，可在視線較容易看到的走道處或房門上放上文字標示及箭頭，標明房間位置，文字敘述以他容易理解為主，如寢室可以寫成「臥房」或「睡覺的地方」等。,居家規畫,居家和行動,https://health.udn.com/health/care/131/292645
失智症,父親常抱怨找不到東西，把家裡翻的亂七八糟，但東西每天都放在固定位子，為何還會找不到？,失智症初期較明顯的症狀是記憶力退化，導致失智者忘記將物品放於何處，初期尚可將物品放於固定位置，協助他回憶物品擺放位置。不過，隨著病程進展，失智者記憶力持續退化，建議直接引導失智者一同回憶找尋物品，以結構化、簡單扼要的選擇題協助失智者回憶，例如，「爸爸，牙刷應該是放在浴室還是廚房？」給予失智者適度認知刺激，減緩失智者認知退化速度，而非開放式、結構鬆散的引導方式，例如，「爸爸，你的牙刷應該是在何處？」反而導致失智者焦慮，影響自我安適感。若是牙刷等一般物品，可在家中各處多準備幾支；若是貴重物品，則可協助失智者保管，以免他不慎將貴重物品遺失，保管前也應先告知失智者，讓他可以知道貴重物品將被保管於何處，避免不安。,居家規畫,居家和行動,https://health.udn.com/health/care/131/292646
失智症,家中是開放式廚房，很怕失智者會自行開瓦斯、拿菜刀，廚房物品該如何重新擺放以防危險？,若家中是開放式廚房，建議危險物品例如刀具、清潔劑放入抽屜並上鎖，安裝瓦斯安全開關、防乾燒瓦斯爐及煙霧偵測器，以維護失智者及居家安全。避免使用延長線，電線應該收拾整齊並固定在牆角，以避免被絆倒，未使用的電線插座，可使用安全插頭覆蓋。此外，現在許多研究都證實，失智者的生活環境安排得宜，可以有效延緩病程發展與病情惡化，適度將環境做點變化，有助失智者發揮現存的能力，所以，照顧者可以嘗試了解失智者想烹調食物的原因為何？若有原因，在安全前提下，盡量陪同失智者完成。,居家規畫,居家和行動,https://health.udn.com/health/care/131/292647
失智症,廁所常常濕滑，很怕爺爺會因此跌倒。廁所環境該做哪些調整，以預防爺爺跌倒？,可購買防滑條貼於地面，增加摩擦力，防止失智者跌倒，但特別注意防滑條的黏貼方向，應與失智者的行進方向「垂直」，並且建議失智者每步皆可踩到三條以上防滑條，也就是防滑條每條間隔約5公分為佳。另外，可購買防滑噴劑噴於地板，產生止滑效果。也建議在廁所增設扶手、在洗澡處擺放洗澡椅，讓失智者可以坐著洗澡。若經濟狀況、空間範圍許可，失智者也可接受廁所環境的變動，也可考慮將廁所更改為乾濕分離設計，並搭配暖風乾燥機使用，保持廁所乾燥，避免廁所濕滑。因為失智者的居家環境差異性極大，建議諮詢專業的職能治療師，提供個別化的居家環境評估與無障礙環境設計。,居家規畫,居家和行動,https://health.udn.com/health/care/131/292648
失智症,請問失智者需要很大的活動空間嗎？家裡很小、雜物很多，不知是否會影響？若會如何改善？,失智者的活動空間應著重安全、防跌、防走失、熟悉、舒適、懷舊等要素，大小並不是主要考量點，因此活動空間的規畫應根據失智者需求及未來的變化調整，例如，採用高照度的間接照明，避免刺眼或造成部分空間的灰暗角落。過去傳統居家習慣，多半是日光燈管或近期流行的高亮度LED燈，而這些高直接亮度的照明光源，對多數失智者家眼睛容易感到不適，造成眩光刺眼及畏光，所以不是光源的發光強度愈強就是好的照明。間接照明的設計，其優點光線溫和不傷眼睛，有助睡眠休息，但要注意照度的問題，應採用高照度的間接照明設備，避免照明上的死角或不夠清楚，影響行走上的安全或閱讀的舒適度。另外有些人家裡很小、雜物很多，建議先以安全為第一優先考量，避免在行走的路線堆滿雜物、電線等影響行動的安全性，物品雖多但不要亂擺，盡量固定位置收納，避免失智者找不到需要的物品而產生焦慮或猜疑。位置高度最好在失智者伸手可觸及，避免爬高及蹲下，造成跌倒。上述調整雖然都是好意，但須避免調整變化太大，使失智者因為認知記憶的問題，以為來到陌生的環境而不安。,居家規畫,居家和行動,https://health.udn.com/health/care/131/292649
失智症,失智者一直以來住在家中較暗的房間，平時曬不到太陽。光線會影響失智者嗎？該怎麼調整？,時間定向感不佳與日落症候群是失智者常見的行為問題，這些行為問題經常造成照顧者極大負擔。解決方式除了透過藥物控制、安排失智者外出之外，適度日照光線補充也非常重要。人體的生理時鐘主要透過陽光照射，影響松果腺的褪黑激素分泌量，藉此調整晝夜節律，維持人體生理時鐘。失智者若無法接受足夠日照光線，可能會加劇失眠、時間定向感不佳、情緒混亂、日落症候群等行為問題。在空間改善上，建議增加房間照明，維持失智者生理時鐘，但特別注意一點，上述的日照並非直接的照射或曝曬，而是讓失智者接受有適度遮蔭的陽光照射，藉此提供失智者合適的日照。,居家規畫,居家和行動,https://health.udn.com/health/care/131/292650
失智症,家人協助整理奶奶的房間，但奶奶反而變得焦躁不安，一直嚷嚷說，這不是她的房間，為什麼？,環境與個人的行為息息相關，情緒也會相互影響，例如，奶奶看到熟悉的梳妝台，就開始梳妝打扮的日常生活，以愉快心情迎接美好的一天。不過，失智者因認知能力退化，無法確切地辨認及判斷空間而錯認，以為自己來到一個陌生的環境，產生負面不安的情緒，使得家屬原本一番好意的清潔整理，變得更為棘手及失落。其實，環境調整不用花很多錢，對失智者來說，環境不重在新，而是重在安適與連結感，讓失智者記得那是他熟悉的環境、生活與記憶，可在牆壁上放置有意義的相片、圖片或收藏品，讓失智者懷舊，提升安適感。,居家規畫,居家和行動,https://health.udn.com/health/care/131/292651
失智症,失智者有自行出門的經驗，也曾走失，我該讓他配戴什麼防走失物品嗎？還是盡量不要出門？,"在失智者確診後，家屬可替失智者申請捺印指紋，相關申辦方式如下：1. 親自帶失智者至各縣市指定警局或刑事鑑識中心，申請自願捺印指紋，需先備妥申請人戶口名簿或身心障礙證明。2. 民眾可先在家自行捺印指紋，在刑事警察局網站下載自行捺印專用指紋卡，按捺十隻手指指紋，一旦發生走失時，家屬攜帶指紋卡及身分證直接提交警局。若擔心失智者走失，可到各縣市政府社會局申請或老人福利推動聯盟等機構申辦走失手鍊，檢附使用人身分證及身障證明正反面影本，或檢附下列其中之一影本：醫師診斷書、中低收入戶、警局所開立之走失紀錄單，即可免費申請辦理。",走失,居家和行動,https://health.udn.com/health/care/131/292652
失智症,想帶失智家人出遊，但不知他的體力能否負荷？需特別注意什麼嗎？,罹患失智症不必然會影響行動力，也可能與退化性關節炎或其它疾病影響有關，除非病程已到晚期，才可能需要輪椅等輔具協助。帶失智者旅遊，可藉由日常生活陪同散步，觀察失智者體力狀況，記錄行走距離，作為旅行規畫行程、安排交通工具的參考。提醒家屬，在陌生環境應特別注意失智者走及走失，旅遊行程緊湊、容易疲倦，失智者受到較多刺激，精神行為症狀容易顯現於夜晚，例如，在夜晚醒來開門到外面遊走，因找不到房間而胡亂敲門。因此，帶他旅遊時，夜晚需特別保持警覺，家人能睡得離房門較近些，或透過防走失智慧手環帶有GPS定位功能，設定當失智者離開一定距離時會發出警示音、房門加裝行動鎖等預防走失。,外出,居家和行動,https://health.udn.com/health/care/131/292653
失智症,失智者每次聽到要看醫生，就躺在床上不願起來，該如何誘導他去醫院？需準備什麼東西嗎？,"若失智者不願就醫，可以了解失智者背後不願就醫的理由及想法，有些失智者聽到要看精神科或神經科，直覺以為自己被當成精神病患，可選擇名稱較為中性的記憶門診或老人門診。若溝通無效，再運用以下方式：1. 利用免費老人健康檢查名義，引導失智者至醫院進行例行身體健康檢查，並事先與醫師溝通後，在健康檢查當日便順勢帶到記憶門診診間，進行看診。2. 家屬可藉由自己要看病，但不敢自己前往，因而邀請失智者陪同就醫。在事前可先與醫師溝通討論，看診時讓醫師可以一同為失智者診斷。3. 失智者通常對於照顧者的話會較為對立，可尋求失智者較親近信任的人協助，例如孫子女或其他親友等，由他們說服失智者就醫或陪同就醫。",外出,居家和行動,https://health.udn.com/health/care/131/292654
失智症,父親在家坐不住，會一直吵著要出門，該怎麼轉移注意力，讓他忘記出門這件事？,失智者若半夜吵著出門，可以帶他繞到別間房走走，試著轉移注意力，讓他忘記想要出門的想法。通常失智者注意力短暫，可找些平常失智者有興趣的事情，例如吃東西、聊天或告訴失智者即將有人來家裡拜訪，通常要有一件事情可讓他們做，注意力就能被成功轉移。不過，如果失智者很堅持，注意力無法馬上被轉移時，一些日間照顧機構的作法是設法讓失智者找不到「出口」，例如在門前設置障礙物、將門布置如同一面牆、或將大門上鎖；如果失智者暴力相向，甚至要將門拆下來，此時可使用鎮靜劑讓失智者冷靜。要讓躁動的失智者馬上冷靜下來並不容易，在機構或醫院裡，專業人員能立即對失智者注射針劑型鎮靜劑，3至5分鐘即可讓失智者冷靜下來。但一般失智者在家發作，建議可先觀察，如失智者持續好一段時間情緒躁動、有攻擊行為，可先請醫師開一些鎮定藥物，必要時讓失智者服下。,遊走,居家和行動,https://health.udn.com/health/care/131/292655
失智症,媽媽成天走來走去，好像在找什麼，有辦法讓媽媽安靜坐下來，做點別的事情嗎？,遊走的可能原因包括迷路、發洩不安、無聊、想運動，也可能沒有任何目的。如果是因為迷路，可以在環境擺設上避免出走及方向上的盲點，增加清楚路徑與位置標示；如果是缺乏運動，可嘗試安排一些可以消耗體能的活動；如果有刺激導致焦慮不安，也可以針對引發焦慮的原因處理。當然，很多時候是找不出原因的，如果失智者的遊走並沒有太大的干擾或是安全的顧慮，當作是運動也無妨，只是要避免過度走路造成關節腫脹疼痛，可以在失智者遊走的路徑放置供休息的椅子。如果失智者想要外出，為了安全限制他，反而會造成衝突，若時間許可，帶失智者出去散步也不錯。當然，真的造成很大的困擾或是安全顧慮，就需與醫師討論。,遊走,居家和行動,https://health.udn.com/health/care/131/292656
失智症,奶奶最近走路愈來愈容易跌倒，是因為體力不好的關係嗎？還是有其它可能原因？,長者容易跌倒可能是失智症警訊，但醫學上兩者關聯還沒有很明確，建議照顧者先帶長者進行失智症篩檢，了解長者是否罹患失智症。許多人認為老人本身就容易跌倒，與年紀大體力變差、平衡感變差、肌少症、骨質疏鬆症等有關，經常忽略可能潛藏的失智症危機。還沒有經過醫師的確診時，如果家中長者在沒有障礙物或地面平順情形下，仍突然跌倒，建議先帶失智者做失智症篩檢，找出真正病因。家屬平日也應進行預防措施，例如，外出時有照顧者陪伴在旁，也可以嘗試進行居家環境改造，裝設浴室扶手、止滑設備等，減少跌倒後可能產生骨折等重大傷害。,跌倒,居家和行動,https://health.udn.com/health/care/131/292657
失智症,媽媽常對著房間的全身鏡大發雷霆，總說有人盯著她睡覺。鏡子是主因嗎？該把它遮住或移除？,案例中媽媽的房間有一面全身鏡，每次看到她對著鏡子大發雷霆，而且不斷跟家人反應有人會盯著她睡覺，這樣的現象很可能是「鏡像自我錯認」，即失智者不認識自己鏡中的影像，誤以為鏡中影像是另一個人，因此與他對話。為何會發生鏡像自我錯認？目前仍不清楚作用機轉，相關理論包括失智者面部辨識能力缺失、空間辨別和執行能力障礙、視覺和情緒表達的失聯以及自我感覺的衝突等，但都沒有共識。建議照顧者可將鏡子遮蔽或移除，減少類似的狀況發生。若發現失智者在非照鏡子的時候，仍有喃喃自語，神似與他人對話或有相關被害妄想行為，例如懷疑被人盯著看等，最好尋求精神專科醫師診斷治療。,幻視,認知和脫序,https://health.udn.com/health/care/132/292658
失智症,媽媽常說花紋地板上有東西，還會一直對著它們說話，是家中的地板有什麼問題嗎？,"可能有兩種原因，一是地板花紋影響視知覺，把地上的花紋看成其它東西，例如，把光滑的地面看成地上有水，或是因花紋而覺得地板有髒污或小蟲爬動。二是因為幻覺，幻覺類型不局限於視幻覺，各種感官幻覺同時出現，較常發生在阿茲海默症失智者身上；血管性失智症則較常出現視幻覺；路易氏體失智症較常出現視幻覺及聽幻覺。各類型失智症中又以路易氏體失智症出現幻覺的機會最高，許多失智者在下午時段此現象又特別明顯。建議避免與處理原則：1. 記錄此情形出現的時段頻率，與醫師討論。2. 避免讓失智者過度疲勞。3. 釐清幻覺是否為藥物的副作用或交互作用。4.地板、牆面及天花板避免過多的花紋。5.引導失智者投入在活動中。",幻視,認知和脫序,https://health.udn.com/health/care/132/292659
失智症,失智者時常叫我幫她拿「黃色」的杯子，但家中並沒有，失智者對於色彩的辨識度有困難嗎？,失智者可能因為眼睛短波能力變得不敏感，導致辨識色彩障礙，尤其對藍色、綠色等冷色系辨識能力較差，或容易誤把白色當成黃色。當失智者確定辨色能力差，除了減少外出，外出時也最好有照顧者陪伴在旁，避免危險發生。建議照顧者遇到類似情形，先不要與失智者爭辯，以免造成失智者的情緒起伏。接著嘗試改變問問題的內容，例如詢問失智者，想要拿取物品的形狀、用途、或是曾使用過的時間等。如果失智者確定辨色能力差，除了減少外出，外出時也最好有照顧者陪伴在旁，避免危險發生。每位失智者的病況不同，讚美每位失智者現有的身體功能，忽略他們較不好的能力，建立生活信心，有益提升生活尊嚴。,認知堅持,認知和脫序,https://health.udn.com/health/care/132/292660
失智症,母親喜愛薰衣草香味，每次都要在她房間點精油燈才肯入睡，是因為失智者的嗅覺比較敏感？,雖然多數失智者因嗅覺退化對氣味不敏感，但少數人仍對香氣有特別的喜好。芳香療法雖非醫學主流，但確實能夠緩和、安撫失智者的情緒，成為近年來常見的輔助照護方式。此外，很多失智者非常講究某些儀式，如果沒有完成，將引起很大的情緒反應，例如，吃飯前一定要把碗筷擺整齊，如果睡前點薰衣草精油燈是失智者的睡前儀式，不妨順應失智者期待，透過精油燈舒緩情緒，也能使失智者情緒平穩、睡個好覺。很多小孩睡覺時需要帶安撫物品，抱著絨毛玩具、小毯子才能安心睡覺，失智者某些行為就像小孩一樣，有時也需要安撫物品，照顧者若能找到關鍵物品，例如個案所提到的薰衣草精油，其實就能透過安撫物品，讓失智者更有安全感，也能療癒他們的情緒與不安。,認知堅持,認知和脫序,https://health.udn.com/health/care/132/292661
失智症,太太還記得路怎麼走，會讓她到巷口買東西，但常常會忘記付錢而造成誤會，該怎麼避免？,"若家中有失智者，家屬盡可能保留他們尚存的生活自理能力，不要因為害怕發生意外，不敢放手讓他們做，若在家屬的鼓勵陪同下繼續發揮，例如購物、煮飯、挑菜等能力，對失智者來說反而是一種生活復健。案例中為避免失智者，在購物時忘記付錢產生誤會，建議事前可行的預防措施：1. 先與店家進行溝通，讓店家較能理解失智者會出現的精神行為症狀。2. 與店家討論解決辦法，例如先放小筆金額在常去的商店，讓店家可以在失智者忘記付錢時，從該筆款項扣除。3. 與店家保持聯繫，當失智者消費未付款時，可與家屬連繫前來付款。",金錢障礙,認知和脫序,https://health.udn.com/health/care/132/292662
失智症,先生一直胡亂蒐集東西，特別是外面的傳單，拿回來丟的房間都是，我該制止他嗎？,"晚年才出現胡亂蒐集物品的行為，除了要考慮儲物症（Hoarding Disorder）、躁症等精神疾病之外，也要考慮是否為失智症，尤其是較特殊額顳葉型失智症。當出現此類型行為，建議先傾聽失智者行為理由、確認目的，並觀察是否同時伴隨其它症狀表現，例如，額顳葉型失智者對於蒐集傳單的行為，通常無法解釋理由，而且可能伴隨其它行為，例如沒付錢就拿攤販的食物吃。但是，儲物症失智者則會說明一些「看似有道理」的理由。若失智者除了胡亂蒐集物品行為之外，若還伴隨持續情緒莫名高昂或易怒、自信心膨脹、睡眠需要量減少、多話、好辯、注意力差、思考速度快速，甚至出現幻想或幻覺等症狀，就可能是躁鬱症中的躁症表現。",物品囤積,認知和脫序,https://health.udn.com/health/care/132/292663
失智症,奶奶成天都說家裡有別人，我們聽了都很害怕，跟她說沒有，她就立刻大發雷霆，該如何解釋？,當失智者誤以為看到小孩、黑影、蟲、蜈蚣、蛇等幻覺，他們只相信眼前所見，旁人再多的解釋或爭辯，只會更容易引起他們生氣、難過或悲傷等負面情緒，家屬能善用的溝通就是不要爭辯解釋，或忽略、轉移他們的注意力。例如，當祖母說，看到好久不見的老伴回來，儘管家人明知祖父已經過世，但觀察祖母說話時的情緒，若沒有特別情緒變化，僅是單純描述，家屬可選擇忽略，不多作解釋。但當失智者描述幻覺帶有情緒波動時，例如，緊張說看到家裡有小偷，拿著棍子要逮小偷時，建議家屬先陪著失智者一起找，等過一會兒後，以別件事情轉移注意力，如帶失智者到廚房切盤水果吃，過程中也不需多解釋。在空間改善部分，可加強室內照明，去除陰影。若失智症引起的幻覺嚴重，可至精神科、神經科就醫透過藥物緩解。,幻覺,認知和脫序,https://health.udn.com/health/care/132/292664
失智症,婆婆忘記我是她的媳婦，我是照顧她的人，卻被當壞人，住在一起好辛苦，不知如何相處？,妄想是失智症的精神症狀之一，臨床案例常見婆婆懷疑媳婦偷竊，沒有的事卻搞得全家都痛苦。深究原因，可能是婆婆過去有不好的婆媳經驗，成為婆婆後，其深遠潛意識中，不覺得媳婦是自己人，當出現妄想症狀，就可能對著媳婦開罵，而非自己兒女。建議此時家屬應召開家庭會議凝聚共識，當病人出現類似妄想症狀，家人需彼此相信「沒這回事」，別讓承受最大照顧責任的無辜媳婦更有壓力，或造成家庭感情破裂。不過，家屬也不宜對失智者使用喝斥態度，否則可能引起反效果。此外，有類似困擾的家屬，也建議尋求老年精神科醫師協助，醫師會嘗試使用藥物減輕病人的妄想症狀，等症狀控制後，再依病人的情況慢慢減藥或停藥，藥物其實是很有效率的處理方式。,妄想,認知和脫序,https://health.udn.com/health/care/132/292665
失智症,失智者日夜顛倒，白天睡飽後，晚上精神就特別好，如何讓失智者調回正常的作息？,失智者的大腦可能因為控制周期節律的區塊退化，引發日落症候群，也就是和正常人的作息顛倒，約從下午四、五點後，精神變得更好也更暴躁，有時會延續到晚上不睡覺、行為混亂。有些失智者走失新聞，可能就是在這種情況下發生。曾有位失智阿嬤，在生病後每天凌晨起床替家人「晚點名」，打開每個人的房門，摸摸對方、確認家人都在家，其中有一個孫子曾被阿嬤的行為嚇哭，但若家人把房門鎖起來，阿嬤則會焦慮到天明，或把全家吵起床。此時，家屬在白天應盡量帶失智者出門曬太陽或安排活動，避免因白天睡太飽而晚上睡不著。另也可考慮尋求醫療協助，有經驗的老年精神科醫師可根據不同情形，選用不同藥物協助失智者安眠。,日夜顛倒,認知和脫序,https://health.udn.com/health/care/132/292666
失智症,每天一接近傍晚，阿公就會大吼大叫，其它時間都好好的，為什麼這個時間就會出現這種狀況？,"有些失智者，常見在傍晚時段較難照顧，即是「日落症候群」，該症狀原因不明，可能與老年神經內分泌異常有關。隨著太陽下山，失智者坐立不安、激躁、易怒、或意識混亂的情形也隨之加劇，讓照顧者十分費心。照顧者先排除失智者是因為傍晚肚子餓想吃飯，或想上廁所等原因後，若失智者仍容易在黃昏暴躁易怒，該如何解決？建議從整體生活作息下手：1. 固定失智者生活作息，讓他習慣在特定時間做特定事情，避免產生混亂的意識。2.減少失智者黃昏外出，發生危險。3. 黃昏時盡量讓失智者待在室內活動，但在室內可能伴隨太陽照射入內，產生影子等現象，讓失智者日落症候群再度發作，建議拉上窗簾、打開室內燈，減少焦慮感。",日落症候群,認知和脫序,https://health.udn.com/health/care/132/292667
失智症,奶奶一下要上廁所（帶她去也不上）一下要回房間，一下又說肚子餓，到底該怎麼溝通？,當失智者一直跑廁所，上完廁所後卻又感覺沒有解到尿，有可能是生理需求未被滿足，例如想喝水，也有可能是泌尿道感染或攝護腺肥大的問題，先至相關科別就診，確認原因治療後才能改善。另一種導致行為異常的可能原因，是失智者為了引起注意，而有重複行為。當兒女長大忙於工作，失智者獨自在家或僅和外籍看護、或老伴同住等，為了吸引家人注意、陪伴與關懷，而有反覆且異常的行為。此時，家人或照顧者若緊跟在後，勢必也會疲於奔命，建議能替失智者安排固定活動轉移注意力，將白天空閒的時間排滿，陪伴到公園散步、至社區或失智服務據點參與里民活動、失智症相關課程等，讓失智者自我轉移注意力。,重複行為,認知和脫序,https://health.udn.com/health/care/132/292668
失智症,失智父親每天問我「現在幾點了？」，重複不下十次，有什麼方法可以不再讓他問這個問題？,失智父母反覆詢問時間，很可能是心中掛念著什麼事，卻因記憶力不好而忘掉，因過度緊張而不斷重複確認。建議失智者的照顧者，有些事情不用太早說，例如「明天要到醫院回診」，可選擇明天一早再告訴父母，不要今天就說，避免父母因記不得，而焦慮地重複詢問現在幾點。阿茲海默症的視覺較難辨識藍色和綠色，對黃色和紅色較有反應。以購買時鐘為例，建議家屬買大一點的黃色或紅色時鐘，也可嘗試選擇數字鐘，或許有助失智者看時鐘分辨時間。失智者有時也會出現重複行為，例如重複檢查瓦斯開關，臨床也有像強迫症的重複洗手失智個案。情況嚴重時，建議家屬帶病人就醫，醫師會根據個案重複症狀背後的可能原因，選擇不同藥物協助減少重複行為。,重複行為,認知和脫序,https://health.udn.com/health/care/132/292669
失智症,爺爺一不順心就踢人，大聲斥喝就會變本加厲，他以前是非常溫和的，為何連個性都變了？,許多失智者在還沒有發生明顯失智症狀的時候，就會先出現人格改變的狀況，主要是變得容易生氣，家人常常會感受到失智者變成易怒的人。其實，控制情緒與衝動是大腦比較高層次而複雜的功能，當大腦開始退化時，會從比較複雜的功能開始出現問題，並隨著退化程度加重。在失智過程中，除了情緒控制力下降之外，處理壓力與刺激的能力也一樣下降，導致忍受情緒或刺激的能力也變差。遇到這種狀況，首先希望照顧者能夠理解這是因疾病而產生的症狀，用中性與溫和的態度安撫與處理。例如，失智者的情緒常因一些莫名原因，甚至是妄想而產生，而且對於這些問題非常執著，如果一直要糾正或是改變他們，反而情緒容易更不穩定，可能造成更大的衝突；在這樣的情況，最好是用迂迴而模糊的態度去面對，嘗試用其它失智者有興趣的事物來轉移他們的注意力。當然，情況比較嚴重時，還是需要尋求醫療協助。,暴力行為,認知和脫序,https://health.udn.com/health/care/132/292670
失智症,失智的爸爸有大小便失禁的情形，我該教他如何上廁所？還是直接讓他包尿布比較好？,大小便失禁的問題，可能是失智症的退化，也可能因身體疾病或藥物造成，需先和醫師確認。如果是可以改變的，可透過疾病治療或藥物調整；如果是因重度退化，恐怕就無法改變。有些失智者是因為其它的自我照顧能力缺失而失禁，例如，不知道怎麼脫褲子，這時需要的是適當輔助；有些因找不到廁所，來不及而隨地便溺，需要在浴廁門口清楚標示位置；有些失智者則有夜尿問題，應在臥室中設置廁所，並有小夜燈照明讓失智者能看清楚路。在尿布的部分，希望夜間盡量不要替失智者穿尿布，有許多失智者半夜會突然因為不舒服或根本忘記有穿尿布，反而感到緊張及不安，出現像是撕尿布等激躁行為，可用防水中單床墊取代穿尿布。,失禁,認知和脫序,https://health.udn.com/health/care/132/292671
失智症,奶奶自己去上廁所，在裡面待了很久，出來以後發現牆壁上都是糞便，為什麼奶奶會這樣？,失智者因為腦部退化，導致人事物的記憶障礙、判斷功能減退，伴隨病程持續發展，更嚴重的是遊走、幻覺、妄想、不潔的行為等一併出現。問題中的案例，就是如廁功能喪失，照顧者只好幫失智者包上尿布，但長時間包尿布的不舒服感，讓失智者又想用手處理，便立刻用手直接擦拭，但他們沒有意識這樣的行為是否正常，進而弄髒居家環境。如果照顧者遇到類似狀況，該怎麼辦？建議讓失智者定期上大小便，但這個方法很難做得到，畢竟失智者的如廁功能喪失中，建議退而求其次，當失智者有解便需求時，趕緊替他更換尿布，減輕他的不舒服感，就能降低發生機會。另外，許多失智者不一定喜歡天天洗澡，若失智者因為糞便弄髒雙手，也可順便安排洗澡。,玩糞,認知和脫序,https://health.udn.com/health/care/132/292672
失智症,爸爸會對外籍看護毛手毛腳，但以前不曾發生過，為什麼失智後反而會出現這樣的行為呢？,研究統計指出，失智症類型中，額顳葉型失智者約有13％容易出現衝動控制困難，因而犯罪的失智者約占8％，性慾高張也被列為此類型失智症的診斷。常見的阿茲海默症，大腦的退化不僅發生於皮質和海馬迴、腦頂葉等處，額葉也可能退化而顯現衝動控制困難症狀，發生率約2％，較額顳葉型失智症低。巴金森氏症型失智者，也可能因服用藥物而出現衝動控制困難，因人的衝動控制，是由大腦分泌多巴胺傳遞，巴金森氏症的藥物會加強多巴胺的作用。目前在藥物治療上，沒有強烈證據顯示能有效改善衝動控制困難症狀，不過，失智者如出現這些行為，很可能是他們示好的方式，照護人員如能理解，可用些技巧轉移其行為，若狀況沒有改善，可改由男性看護照顧。,性行為問題,認知和脫序,https://health.udn.com/health/care/132/292673
失智症,婆婆日夜顛倒，以致有失眠問題，家人也因此無法休息，失智者可以服用安眠藥調整作息嗎？,首先要找出導致婆婆日夜顛倒的原因，包括飲食不均衡、進食富含咖啡因的食物、睡眠時間不固定、少活動導致體力過剩、少與社會互動導致動腦機會減少、精力過剩。可搭配一些小技巧幫助睡眠，例如睡前二小時不要喝太多水、睡前先去小便以減少夜間上廁所的次數、傍晚後減少環境活動及剌激如保持安靜，減少訪客。如果方法無效，可能需要藥物治療，看診時可主動提供失智者使用保健使品與藥品清單，方便醫師了解病史、避免重複用藥。另外有些藥品易導致跌倒，例如抗高血壓的藥物，可能會有姿勢性低血壓的副作用而致暈眩；感冒藥抗組織胺劑，可能影響情緒、注意力、警覺、活動力等，導致嗜睡、認知障礙；鎮靜安眠藥，會有嗜睡、暈眩、精神混亂、認知受損、延緩反應時間等作用。使用後多注意失智者是否有頭暈、視力模糊、口乾、步伐不穩、肌肉無力等現象，若嚴重影響生活，就要請醫師更改用藥。,用藥,用藥和照護,https://health.udn.com/health/care/133/292674
失智症,每次拿藥給爺爺吃，爺爺就說有人要毒害他，該怎麼跟他解釋？失智者用藥時需要注意什麼？,首先，讓吃藥變成和吃飯、睡覺一樣的日常行為，使失智者覺得這是一件正常的事情，可以跟爺爺說吃了藥能讓身體更舒服、心情更穩定，若自己平日有服用維他命類的保健食品，也可親自示範服藥給爺爺看，跟爺爺說自己也有藥要吃，讓爺爺覺得跟大家都是一樣的。有些藥物會讓失智者產生頭腦昏沉的副作用，覺得有人想毒害他或拒絕吃藥。家屬一來可和失智者說明這是藥物造成的不舒服，二來可轉移他的注意力，讓他忘記毒害之後，再餵他吃藥。如果失智者實在難受，可和醫師討論調整用藥。照顧者記得隨時維護病人的自主性並讓他有發揮的空間，避免與他對立。如果病人變得煩躁，照顧者的情緒不要被牽著走，需保持冷靜、堅定並給予協助，最重要的是，若身體功能突然減退或產生新症狀，須立即知會專業醫療人員。,用藥,用藥和照護,https://health.udn.com/health/care/133/292675
失智症,我是女性照顧者，帶爸爸外出時上廁所，無法陪同他進去，但又怕發生危險，該如何是好？,"建立性別友善廁所或身障廁所、提升失智友善環境社會意識，都符合目前國際趨勢。許多人認為性別友善廁所與LGBTQ（同志族群）議題有關，但隨著身障、兒童、老年與長照需求的增加，性別友善廁所也因應照顧者陪伴被照顧者的如廁需求。另外，捷運、便利商店也都有男女共用的友善廁所，可多加利用。陪伴進廁所的理由，可以考慮兩個方法。如果父親坐輪椅，女性照顧者可以陪同進入男廁的座式廁所，起初會尷尬、不好意思，但是照顧者陪伴家人如廁，是相當有愛心的表現，不用理會別人眼光。如果父親還能自己行走，照顧者可在廁所門前等候，或是陪伴進去廁所後，再到門口等候。另一種方式是打電話給失智者，請對方和自己保持通話，確定他的狀況。 ",身心壓力,用藥和照護,https://health.udn.com/health/care/133/292676
失智症,我的情緒常因父親起伏不定，照顧失智者真的好累。請問有能讓我喘口氣的地方嗎？,"當父親有起伏時，自己情緒也被牽連，這時可以試想，跟父親緊密的關係中，能否讓彼此有喘息空間？愈想當完美照顧者，愈難讓彼此有快樂的生命。喘息方式如下：1.主動尋求家庭成員協助照顧。2.向信任的親友傾訴情緒。3. 有些醫院和社福單位會開辦多元家屬團體，如照護學習團體、情緒支持團體、家屬咖啡日等。透過他人經驗找出適合自己的方法。4. 擔任照顧者前，有沒有喜歡活動？可以抽空安排，重新找回有活力的自我。5. 若覺得身心疲憊不堪，對被照顧者或自己出現生氣與傷害等情形，建議尋求專業人員協助，由他們的陪伴沉澱心情。6. 可洽詢新北市政府長期照顧管理中心尋求資源：02-2254-8382。",身心壓力,用藥和照護,https://health.udn.com/health/care/133/292677
失智症,爸爸不記得我是誰，有一天他對我說辛苦了，他是記起我是誰了？還是感受到我對他的好？,失智者因腦部海馬迴萎縮，失去短期記憶，但他們還可能保有遠期記憶。當他說辛苦了，可能指的是過去你在他記憶中的辛苦模樣，並不是當下你照顧他的辛苦，照顧者不用灰心，要坦然接受失智者的改變。另外，當失智者開始不記得你是誰，可以先了解他是因為吃藥、睡眠不佳才導致精神恍惚，還是因為失智者病況已到重度失智症，整天都叫錯名字，不認識你。分析這兩種狀況後，若失智者屬於行為引起的忘記，不要責備失智者，接受他漸進式退化的行為；但若失智者屬於重度失智症，家屬必須調適自己，盡力就好。,身心壓力,用藥和照護,https://health.udn.com/health/care/133/292678
失智症,當主要照顧者需要暫時離開時，對於接替照顧的人該如何交接？對失智者又該如何解釋與說明？,需要接替照顧者時，可以運用失智者喜歡做的事或曾經擅長的能力分享交流，讓陪伴的時光不枯燥無聊。例如，喜歡做料理的失智者，可以請他協助挑菜、洗菜等；至於是否可以拿刀切菜或炒菜，須依每位失智者執行的安全斟酌。另外，提供失智者年代的音樂或照片，也是容易建立互動的方法。透過失智者喜歡的稱呼、有人陪伴共同做擅長的事、聊有興趣的話題，都可以協助替代照顧者與他建立良好互動。當失智者投入有興趣的事物中、注意力轉移，對於家人要短暫離開，可簡單說明並約定返回時間，依約返回，在失智輕、中度失智者，是容易接受與理解的。,身心壓力,用藥和照護,https://health.udn.com/health/care/133/292679
失智症,想帶媽媽到戶外呼吸新鮮空氣，有適合失智者的友善環境，體諒失智者行為失控的地方？,"照顧者平常可在包包準備失智者喜歡的小點心或物件，當失智者行為失控時，能夠以小物轉移注意力，也可帶失智者離開原本的環境。若情況仍未改善，可以輕聲告訴旁人，「我的家人不是壞人，沒有惡意，更不會傷害別人。」或可以寫字條，隨時放在口袋準備，必要時，亮出給旁人看。這樣可以避免失智者聽到言語描述，感覺沒有尊嚴。通常輔導照顧者時，會發現兩種情境。一是照顧者已經很辛苦，不希望花精神與力氣澄清，二是照顧者需要承受社會大眾的對待壓力。但是，如果照顧者換個角度思考，只要多影響身旁一人，改變對失智症的態度，就是對台灣26萬個失智個案與家庭的幫助。 ",身心壓力,用藥和照護,https://health.udn.com/health/care/133/292680
失智症,每次帶母親出去，只要一不順她的意就開始罵人尖叫，路人看到都議論紛紛，該如何化解尷尬？,"照顧者面對的不只是失智症疾病，還有被照顧者，由於外界對於失智症的不了解，他人的評價可能衝擊照顧者，自覺做得不夠好，讓照顧更加艱鉅。可以嘗試方式如下：1. 觀察失智者在什麼情況下較容易生氣，把握早期線索，避免下次攻擊行為的發生。2. 失智者的情緒可能來自對環境的不安全感，才出現反抗或離開現場的行為，背後隱藏著失智者的無助。3. 運用失智者喜愛的食物或活動，適時轉移注意力，將失智者引導到他們開心的事情上。4. 失智者出現包括語言攻擊、肢體攻擊等，通常是因為被勉強或被阻止做某些事，感受挫折而產生的反應，把這些行為表現視為一種契機，讓照顧者重新檢視照顧方式和環境。",身心壓力,用藥和照護,https://health.udn.com/health/care/133/292681
失智症,婆婆不喜歡我們請的外籍看護，一直說要把她趕走，請問該怎麼辦？,"為失智者與外籍看護建立互動，可以先介紹如何稱呼彼此、簡單的打招呼方式，如問候語或微笑、握手、擊掌（give me five）等。有些失智者過去從事的社會角色豐富，喜歡被尊稱過去的職稱，例如董事長、老師等；也有簡單以年齡差距表達，例如叔叔伯伯／阿姨等。也提醒照顧者注重失智者隱私，貼近身體照顧時，也要適當遮蔽身體重要部位。再者，需要依失智者的生活習慣規畫照顧模式，例如習慣睡前身體清潔（洗澡）等，這些需讓外籍看護事先知道並盡量配合失智者原本熟悉的習慣。同時可在生活中製造一些小樂趣，提供外籍看護與失智者互動，例如，失智者喜歡吃小蛋糕，我們可以告訴他，這是看護特定幫您準備的。",外籍看護,用藥和照護,https://health.udn.com/health/care/133/292682
失智症,想找人照顧家中的失智者，該找外籍看護嗎？是否有其它選擇？,根據調查，台灣失智者多半希望能留在家中被照顧。除了聘請外籍看護工外，還是有許多方式照顧失智者。擔當此角色的，主要是居家照顧服務員，若再搭配各種居家診療照護項目，例如：居家職能活動、居家物理治療、居家護理指導、居家沐浴，居家送餐，陪伴就醫、居家診療、居家安寧等，就能構築完備的照護網。台灣推動長照2.0計畫，目前推出一站式長照服務提供諮詢窗口、服務內容與服務資源轉介，費用多由政府負擔，但在轉介的時效性上，較需等待，服務排程的彈性，也較難依失智者家庭的需求安排。民間銀髮事業公司也提供居家照顧服務，提供不同的分級服務，服務較為彈性，但也需自費。,外籍看護,用藥和照護,https://health.udn.com/health/care/133/292683
失智症,我該帶外籍看護上失智相關課程嗎？外籍看護跟婆婆有非常多的溝通問題，不知道問題出在哪？,時常有家屬帶失智者前來門診，聽完主訴後發現問題並非病情變化，而是缺乏照顧技巧。多數外籍看護工來台工作前，未接受任何專業訓練，馬上就面對失智照顧的挑戰，常無法適應，提前離職或逃逸，照護突然中斷，更讓家屬苦不堪言。目前失智症相關團體與地方政府均開辦照顧訓練課程，增進照顧者的知識與能力，進而讓照顧更有效率，提升雙方的生活品質。除了歡迎本國籍的家屬多參與外，部分課程更提供翻譯服務，希望讓外籍看護也能學習，台灣失智症協會錄製多國語言版本的照顧技巧光碟片供索取（諮詢專線：0800-474-580)。新北市也推出「外籍家庭看護工勞僱安心支援服務計畫」（諮詢專線：02-8285-4356、02-8285-2096），申請後可由本國籍照顧指導員搭配外語通譯人員，現場指導基礎照護技巧。,外籍看護,用藥和照護,https://health.udn.com/health/care/133/292684
失智症,外籍看護抱怨，同一件事用同樣的方法，媽媽一下子能接受，一下子不行，不知道標準在哪？,失智者會出現性格轉變、懷疑、誤認、遺忘、情緒表達困難等症狀，並隨著病程演進逐漸惡化，因此對事情標準變動不一，是在所難免的事。當失智親人「難搞」，也可能反應他背後有其它需求，如不滿意食物味道、肚子餓、身體不適等，當失智者腦部組織退化，造成不友善表達與困難，特別是與外籍看護相處時，常因雙方語言溝通阻礙而產生不悅。有些家屬上網搜尋各種易懂的圖片，如早晨時光、中午、晚上情境、人物、表情圖、牙刷、食物、水果、杯子等，使口語表達困難的失智者藉由圖片指認表達。,外籍看護,用藥和照護,https://health.udn.com/health/care/133/292685
失智症,家有失智長者，請問可以申請外籍看護嗎？資格是什麼？又該去哪申請？,"現行家庭外籍看護工申請資格分為A類及B類，家有失智者，只要符合資格，即可申請外籍看護工。申請流程如下：A類： 須檢具指定醫院開立的「病症暨失能診斷證明書」。1. 失智者至指定評估醫院進行評估（指定醫院請上各地長期照顧管理中心查詢）。2. 醫院醫療團隊人員於評估後，將「病症暨失能診斷證明書」正本寄給申請人，另將副本寄送至申請人現居地的長照中心。3. 長照中心收件後主動電話連繫申請人，進行本國籍照顧服務員推介服務。4. 申請人有正當理由無法僱用長照中心所媒合之本國籍照顧服務員者，得自開立病症暨失能診斷證明書之日起14日至60日內，向勞動部申請外籍看護工。B類： 持有「重度以上特定身心障礙手冊」且須含特定障礙項目者（失智症為障礙項目之一）。1. 直接持身心障礙手冊到申請人現居地的長照中心申請。2.長照中心進行本國籍照顧服務員推介服務。3. 申請人有正當理由無法僱用長照中心媒合的本國籍照顧服務員者，得至長照中心登記隔日起60日內，向勞動部申請外籍看護工。",外籍看護,用藥和照護,https://health.udn.com/health/care/133/292686
失智症,家屬該準備什麼輔具協助失智者的生活起居？這些輔具可以向政府申請嗎？該去哪裡申請？,"依失智者的狀況，在照護過程中適當運用輔具，能降低失智者與家屬生活上的困擾。依照中央「身心障礙者輔具費用補助基準表」輔具分類，失智者可能需要的輔具有以下幾類：1. 個人行動輔具類：輪椅及輪椅附加功能、人力移位吊帶、移位滑墊。2. 溝通與資訊輔具類：防走失的個人衛星定位器、促進溝通能力的溝通輔具。3. 住家及其它場所之家具及改裝組件類：居家無障礙設施改善。4. 個人照顧及保護類：馬桶增高器、便盆椅、沐浴椅。5. 居家生活類：輔助衣著、協助飲食、居家活動用的輔具。由於政府輔具補助的相關辦法，針對身心障礙者、失能、失智者、醫療復健等不同對象，建議可直接向各縣市長期照顧管理中心或輔具資源中心查詢，再經以下步驟完成申請：1.提出申請→2.輔具評估→3.購買輔具→4.申請請款。除政府補助外，市面上也有各種提醒、偵測、通知功能的輔具，如離床偵測系統、感應式夜燈、室內預警裝置、戶外協尋裝置、物品定位器、安全瓦斯爐、智慧藥盒等，提供家屬參考。",補助申請,用藥和照護,https://health.udn.com/health/care/133/292687
失智症,請問失智症是身心障礙的一種嗎？該如何申請證明呢？得到證明後又有什麼樣的好處？,"身心障礙鑑定及需求評估依「國際健康功能與身心障礙分類系統（ICF）」為評估方式，失智症屬「第一類神經系統構造及精神、心智功能」，可向政府申請身心障礙者證明。申請流程如下：1. 初次就醫時，無法立即申請身心障礙手冊，須有3至6個月的就診紀錄，才能確定診斷以及協助申請身心障礙手冊。2. 需由本人檢附申請人身分證、印章及1吋照片3張，至戶籍所在地公所提出申請，並取得「身心障礙者鑑定表」（委託申請者須檢附受委託人身分證明文件、印章及委託授權書）。3. 至指定之鑑定醫療機構辦理鑑定。4. 衛生局審核鑑定報告、社會局召開專業團隊審查、符合資格者由公所核發身障證明。",補助申請,用藥和照護,https://health.udn.com/health/care/133/292688
失智症,因為家中有人是失智者，擔心自己將來也罹患失智症，該買什麼保險？這類保險如何理賠？,目前各家保險業推出長期看護保險各異，有些保險公司的長期看護險，只要醫院確診為失智症就理賠，有些則要診斷達中度失智才給付。消費者應多比較各家產品，並詳閱保險契約內容後慎選。另外，照護者也需考量失智者因為認知功能退化、判斷力降低，無法妥善管理保險金的情況，如又無足以信任的家屬協助，縱使獲得給付恐也無安全保障，建議搭配信託契約。保險公司就此類保險多與銀行合作，以保險契約結合信託契約，讓被保險人藉由信託機制，保險給付交由專業機構處理，依照信託約定每月或每年由受信託銀行，定期取得其維持生活、就學、醫療或安養需求應支付的金額。,財產管理,用藥和照護,https://health.udn.com/health/care/133/292689
失智症,阿公患有失智症，但被誘使幫人作保並提供房屋作為抵押，請問這具有法律效力嗎？,有關此情形，可分二種情況：第一種，阿公已經法院輔助（監護）宣告，保證行為及不動產之設定抵押，未經過輔助人同意，不能產生法律效力，意即失智者做保及抵押登記皆不生效，可以直接以輔助宣告之裁定，請求地政機關塗銷抵押登記。第二種，阿公未經法院為輔助宣告或監護宣告，則尚須依照阿公當時意識狀況是否清晰而定，如因病況辨別力不足受詐騙才做保，就須提起訴訟。依民法第92條規定主張因受詐欺而做保及提供抵押作保，要求撤銷保證之意思表示行為，並請求塗銷抵押登記，但這項訴訟必須在知道被詐欺起算一年提起，如果一直都不知道失智者被詐騙情形，超過十年不能再請求撤銷及塗銷登記。,財產管理,用藥和照護,https://health.udn.com/health/care/133/292690
失智症,很怕兄弟姊妹會趁著失智者失智，設法將財產轉到自己名下，該如何協助失智者做財產管理？,情況一，如失智者意識狀況清晰，明確知道財產內容，可考慮由失智者向銀行或信託業者辦理財產信託，財產就信託的機構處理，而信託契約也有信託監察人監督，監督受託機構依照信託契約履行。由於財產信託後，財產則由專業受託機構管理，他人已不可能再為處分或移轉。情況二，如果失智者狀況不穩定，或已無法正確管理財產，擔心為詐騙集團或不肖子女拐騙，可考慮向法院聲請監護宣告或輔助宣告，由法院審核後為監護宣告或輔助宣告並由法院指定監護人或輔助人，失智者的財產就不會被輕易處分。有關監護宣告或輔助宣告聲請，可至司法院全球資訊網頁下載聲請狀範本。,財產管理,用藥和照護,https://health.udn.com/health/care/133/292691
失智症,有一次媽媽居然將貴重的珠寶首飾送給不熟識的鄰居，該怎麼開口跟媽媽說我想幫她保管財物？,不少失智者有固執行為，有人十分在意財產、不信任配偶子女卻將財務交給認識不久的陌生人。此時可反問他，「為什麼你記不住收好的錢放在哪裡？」、「剛才怎麼把貴重物品給別人？」用現實狀況讓失智者了解問題嚴重性。接著，可就失智者本身能接受的財產保護方式與他商談，在疑似、極輕度階段或輕度失智階段，失智者還有相對良好思考能力，此時可先作財產信託，訂定信託契約，將財產交由信託業者管理；不動產可至地政事務所作「預告登記」。萬一不肖者要辦移轉或設定抵押，就會通知當初辦理登記的請求人。另外，可申請辦理「金融註記」，表明不再申辦信用卡、貸款或擔任保證人，以防遭詐騙。確診失智後，可聲請「輔助宣告」或「監護宣告」，關於前者，重要法律行為如借貸、作保、不動產或重要財產處分、為遺囑的遺贈等，須經輔助人同意；而後者則全權交由監護人。,財產管理,用藥和照護,https://health.udn.com/health/care/133/292692
失智症,失智者被家人接回家裡住，卻每天吵著要回家。是住不習慣嗎？有什麼方式能幫助他習慣？,由於失智者的海馬迴和大腦皮質已萎縮，短期記憶消失，長期記憶仍存在，只記得十幾年前或更早以前的居住地方，才會吵著回家。這種情況通常發生在中、重度失智者身上，他們的視覺空間已經失調，導致對地點的錯亂，加上失智者本身較固執、脾氣不好，加重家屬處理問題的困難。建議家屬原則上不要任意更動失智者的居住環境，曾遇過失智者每個月分住在不同孩子的家中，反而容易導致失智者不安。若家屬不得已必須更換環境，在遇到失智者吵鬧狀況時，可採取借力使力方法，例如，帶他到門口外轉一圈，並告訴失智者「我們回家囉！」讓他以為已回家，安定情緒。,居住安排,用藥和照護,https://health.udn.com/health/care/133/292693
失智症,我無法親手將母親送進安養院，但自己真的照顧不來，身心俱疲，送安養院是唯一的辦法嗎？,據研究，失智者的居住地品質與疾病的嚴重度相關。若是輕度失智者，選擇住在家裡或是社區，照顧品質會比較好；但若已是重度失智症，改在安養機構照顧，整體品質相對較好。因此，失智者家屬應該考慮，照顧的地方是否提升照護品質？我常在門診與家屬溝通該不該送到安養機構的問題，原因在於，有太多的家屬已經照顧到情緒快崩潰，其中多數是女兒，哭得一把鼻涕一把眼淚。我建議，如果失智者已進入中重度病程，住在家中，恐有安全疑慮，當人力與物力無法提供更優質的照顧品質，何不考慮服務品質更好的專業安養機構？,居住安排,用藥和照護,https://health.udn.com/health/care/133/292694
失智症,我是全職照顧者，但也有需要休息的時候，也想要自己的人生，請問有日托失智者的地方嗎？,目前日托失智長者以失智日間照顧中心為主，由承辦機構提供白天的團體式照護，供餐點、舉行簡易文康活動或運動，讓家屬照顧者可獲得喘息，或能在白天安心工作，下班後接失智者返家。讓失智者到日照中心參加活動，可以分擔家屬壓力，並提供各種健康衛教，有關疾病及治療知識，連結社會資源，和其餘病友家屬彼此打氣，增加情緒支持等。對失智者來說，在中心接受保護，避免日間獨自在家的風險，也能獲得與他人接觸的機會。此外，還有另種「家庭托顧」模式，白天將失智者接送到鄰近社區中，家庭式的托顧點提供基本身體照顧，例如沐浴、餵食、如廁等，待傍晚再接回家。希望能兼顧家屬白天上班需求，又能讓失智者保持居家照護的期待。,居住安排,用藥和照護,https://health.udn.com/health/care/133/292695
失智症,因為工作關係，暫時將媽媽接到妹妹家住，在家時媽媽狀況還不錯，為何一到妹妹家就尿失禁？,更換居住場所對失智長者確實會產生壓力，加上對場地陌生或遺忘，就可能出現一些反常的行為問題。有許多疾病會伴隨尿失禁症狀，仍會建議照顧者諮詢醫師，如果是泌尿道感染等應力性失禁等，醫師可用藥物等方式治療。排除疾病可能後，如因為更換住處，失智者家找不到廁所在哪裡，或是忘記廁所位置等原因而失禁，就不用依賴藥物或尿布，可試著多陪伴失智者如廁，並在浴廁門口加上明顯標誌，例如畫一個大大的馬桶圖，或是貼上廁所貼紙等。不管是文字或圖樣標示，都須注意標示的背景乾淨，而且標示顏色與環境有所對比，較為醒目，讓失智者容易辨識。,居住安排,用藥和照護,https://health.udn.com/health/care/133/292696
失智症,婆婆習慣選擇獨居，罹患失智症後仍不願意離開南部，北上和子女同住，但失智者可以獨居嗎？,可以獨居，但有一定難度，且需要人幫助。若失智者是輕度失智，通常會鼓勵他們能獨立做事，但又無法確認她是否會出錯，此時需要有陪同人員看著他們做，確保沒有人身危險。建議家屬可以申請居家服務，請居服員到家中看顧失智者一段時間，如果失智者的生活圈沒有太大的變化，不至於有太大的問題產生。根據經驗，很常看到獨居榮民是由隔壁鄰居的小孩陪同看診，早年在眷村的生活型態，多是鄰居發揮互助精神，彼此看視。但現在生活型態改變，若有獨居的榮民，建議他們住到榮家機構，還是能有互助的生活樣態。,居住安排,用藥和照護,https://health.udn.com/health/care/133/292697
失智症,該讓失智長者享有獨立的空間？還是最好與家人同居才安全？,視失智者情況而定，建議當失智者出現焦躁行為時，家屬要陪伴在身邊，聆聽他的想法，安撫他，舒解失智者當下的情緒。但若失智者平日生活，家屬不一定要隨時在他身邊，但可從旁觀察，知道失智者在做什麼事，以防發生意外。例如，在失智者的床旁邊，裝設離床偵測器，減少他離床後可能產生的跌倒行為。在台灣需要人照顧的失智者中，八成都是留在居家照顧，僅有兩成的失智者，因為病情較嚴重，送到機構照顧。雖然居家照顧是最大宗，但常見的狀況是失智者獨居或是與外勞共處，照顧品質有限，因此，家屬視情況拿捏和失智者的相處方式，讓他們能保留獨立空間，也能在需要家人時，提供最適切的照顧。,居住安排,用藥和照護,https://health.udn.com/health/care/133/292698
失智症,母親常常口出穢言甚至有暴力行為，但家有年幼孩子，怕會有教育問題，該讓他們繼續同住嗎？,這確實是門診中常聽到的照顧困擾，我很能感同身受，但仍想誠摯建議，努力維持與失智者住在一起，不要分居或隔離。失智長者出現難以預期或控制的言行，可能是咒罵哭泣、指控數落甚或罵髒話、暴力相向，大人有時都很難面對，何況是孩子。失智者出現失控言行或情緒，初步可藉著轉移或安撫因應。都不奏效時，則可諮詢醫師討論用藥的可能。但最重要的是，不論是大人或小孩，都應設法理解失智長者是因為腦部生病，才變得跟以前不一樣。理解疾病和老化，對孩子也是很好的生命教育。除非長者有暴力行為且可能傷到孩子，基本上不須隔離，也可以在失智者失序行為發作時，把孩子帶開，跟孩子說明這是失智症即可。,居住安排,用藥和照護,https://health.udn.com/health/care/133/292699
失智症,失智者聽到熟悉的音樂會跟著哼唱，多放懷舊音樂給她聽，有助於延緩失智嗎？,"音樂治療屬於感官刺激介入的非藥物治療方式，據國外數篇文獻研究指出，透過不同型式的音樂治療，像主動歌唱、使用樂器、跟著做身體動作、團體治療，或被動聆聽熟悉音樂等，在短期內能改善失智者躁動、憂鬱與焦慮情形，但長期成效尚未有實證。在活動執行方面，不妨搭配不同型態活動提供多樣化刺激，讓失智者盡可能維持「目前」最佳 功能狀態：1.融合懷舊元素播放符合當時年代的音樂，建立專屬歌單。2.提供歌手圖片，讓失智者分享對這些歌手的印象。3.製作放大版歌詞單張，讓失智者看著歌詞、跟著旋律哼唱。 4.將歌詞部分字句挖空，讓失智者邊聽著音樂進行填空。5.嘗試解說歌詞的涵義與體認。",音樂治療,非藥物治療,https://health.udn.com/health/care/134/292700
失智症,我發現播放輕鬆舒服的音樂給媽媽聽，會讓她的情緒較穩定，洗澡、吃飯時也能播音樂嗎？,"在日常生活中，能讓失智者伴隨熟悉愉悅的 音樂，進行例行活動是很棒的方式。音樂曲 目不一定要很特別或一直變化，只要是失智者過 去喜歡的音樂類型，都有放鬆、穩定情緒、減少 問題行為、提高日常活動參與度的效果。 有時失智者聆聽自己熟悉的歌曲，會不自覺哼 唱歌詞、擺動手腳，勾起當年時空的回憶，這時 也提供大腦與身體適度刺激，維持認知與肢體動 作功能。不過，任何活動安排，都要注意失智者反應， 若因為開音樂反而變成環境刺激過多，無法集中 注意力在原本的活動，或有任何疲倦感，都要適 度調整。",音樂治療,非藥物治療,https://health.udn.com/health/care/134/292701
失智症,先生罹患失智症前，有非常規律的運動習慣，罹患失智後，我該讓他維持先前的運動習慣嗎？,"若失智者過去有固定運動的習慣，仍鼓勵維持，透過各種輔助方式，補強失智者對安全判斷較差的不足。若沒有固定運動習慣，就以趣味運動為主，以玩遊戲達到運動目的。對失智者而言，最重要的是「三動」，即腦 動、身動、互動。首先是「腦動」，創造失智者 動腦的情境，像這位失智者喜歡晨跑，家人可以 陪同跑步，和他聊天、問他問題，促進失智者動腦，同時達到「互動」目的。同時也要「身動」，失智者從前有晨跑習慣，家屬剛開始陪著他跑幾次，路線固定，增加穩定感。跑過幾回後，可以在旁觀察，如果他能自己回來，就不用太擔心，或可讓失智者配戴GPS，只要他喜歡，就用各種輔助方式，維持原本的晨跑習慣。",運動治療,非藥物治療,https://health.udn.com/health/care/134/292702
失智症,要阿嬤出門真的不容易，請問有什麼運動是失智者在家就可以做的嗎？不想讓她成天坐在家裡。,"有些失智者不喜歡運動，最適當的引導方式，應是創造「趣味」，透過娛樂、與子孫互動，讓失智者覺得自己在玩，不是在運動。失智者的趣味運動以綜合性、全身性運動為考量，最基本的兩種趣味運動，子孫可以和失智者玩丟接球，手部的一開一合就能達到運動效果。另一種是踢球，也是訓練腳部運動的方式。接著，根據個人身體狀況評估需要加強之處：1.肌力訓練：拉彈力帶，不用限制動作，隨心 所欲拉來拉去，就能達到肌力訓練目的。2.下肢肌力訓練：可以透過互動，創造站起 來、坐下去的反覆動作訓練，如果站著有困 難，也可以撐著扶手進行。3.心肺功能訓練：吹風車、吹乒乓球、唱歌。",運動治療,非藥物治療,https://health.udn.com/health/care/134/292703
失智症,奶奶會忘記剛剛發生的事，但看到古早器具還可以說出用途，為何失智者反而保留以前的記憶？,俗話說：「近的記不住，舊的一直講。」阿茲海默症初期侵犯海馬迴，因此在早期最容易出現的症狀是記憶力衰退，大多以短期記憶開始出問題，像是忘記剛已吃過早餐，卻一直說還沒吃，經過提醒仍想不起來。然而，失智者的長期記憶多半尚保存，當出現符合失智者過去角色、背景等熟悉人事物，會發現他們能清楚描述，雖然可能會遺忘親友名字等片段訊息。失智症記憶力衰退是持續漸進的過程，可以盡量延緩衰退速度，利用長期記憶尚存優勢，請失智者多分享過去的生活情景、會的拿手好菜是什麼、如何料理更美味、當時一同用餐的家人有誰等，讓失智者分享去經驗，重拾自信。,懷舊治療,非藥物治療,https://health.udn.com/health/care/134/292704
失智症,失智家人成天在家，我該怎麼幫他安排日常活動？但平日要上班，該如何將時間分配得宜？,在日常生活安排方面，舉凡吃飯、盥洗、如廁、洗澡等，都是重要活動，依失智者日常生活習性，設計個別化且規律的日常生活作息表，製成放大版面置於明顯處。另依其現有能力和興趣、嗜好設計個別化活動安排，例如寫書法、打麻將、讀報等，活動可在照護者適度提醒與協助下陪伴執行，當失智者狀況有變或表示想做其它活動時，需適時彈性調整，並在活動間安排休息，也可鼓勵失智者至社區服務據點或日照中心參加活動。,延緩課程,非藥物治療,https://health.udn.com/health/care/134/292705
失智症,延緩失智症的課程對失智者有效嗎？很想帶媽媽上課，但不知該如何選擇適合她的課程？,"失智症一旦確診後，記憶障礙、執行功能等核心症狀很難因為接受治療而根治，但可透過訓練活動，延緩現有功能的退化速度。瑞智學堂、瑞齡學堂是以輕度失智者及家屬為對象，設計的社區式健康促進服務，課程包含頭腦體操、懷舊、音樂、藝術治療及運動等，課程皆有專業人員帶領，透過動腦活動提取遠程記憶，練習組織訊息，增加現實定向感及進行簡單 邏輯推理，以維持認知功能。 另外，透過團體情境的傾聽與表達，產生人際互動，建立友誼與認同感，滿足人際需求，提升正向情緒，減少問題行為。適度參與體能活動，除了提升心肺耐力、維持肢體活動度外，更能消耗平日遊走體力、有助晚上安眠。",延緩課程,非藥物治療,https://health.udn.com/health/care/134/292706
失智症,聽說養寵物能降低失智者焦躁不安的情緒，有需要特別養寵物來陪伴失智的家人嗎？,"寵物治療須評估失智者生命經驗，有些失智者可能會排斥寵物，可用漸進式引導，多數失智者接近寵物時，可以舒緩緊張不安的情緒。利用動物輔助治療，讓毛小孩陪伴失智者，可以降低憂鬱、焦慮、激動不安及社交退縮的行為。動物輔助治療的模式，由專業人員設計帶領，有明確治療目標的「動物輔助治療」，或是利用寵物擅長的技藝誘發和個案互動的「動物輔助活 動」，甚至是扮演一般的陪伴者角色都算。家中有毛小孩，可以減少寂寞無望感外，透過抱著寵物，幫牠梳毛，對著牠說話，帶著牠散步，還可以帶給失智者多樣的觸覺、嗅覺、運動 覺等感覺刺激，並增加手部等肢體活動機會，誘發出部分口語表達，能正向刺激腦部功能、延緩退化。",寵物治療,非藥物治療,https://health.udn.com/health/care/134/292707
失智症,最近幫失智症患者洗澡閃到腰，請問身為照顧者的你，身體是否也曾因爲照顧家屬出現任何病痛嗎？,"失智症照顧者身體病痛多半是由於無法適度休息所累積的傷害， 而無法避免的照顧責任則是身心俱疲的關鍵，可以善用長照2.0的補助及服務，也能利用長照資源地圖，在居住的鄉鎮市區尋找需要的長照服務，即便所住的區域並未提供，也可透過各區轉送服務，送至符合需求的長照機構。 也可以撥打長照專線1966，照管中心會派照管專員到府評估失能等級；在想要休息的時候，也可申請喘息服務，也能好好照顧自己。",照顧喘息,用藥和照護,https://health.udn.com/health/care/133/292708
失智症,全職在家照顧失智症的婆婆，最近真的覺得壓力很大，想讓丈夫幫忙分擔一下照顧壓力，他卻說上班賺錢已經很辛苦了不能讓他休息嗎？我該怎麼辦？,「家庭照顧者孤立最危險」，許多照顧者不會向外求援，可以善用政府提供的《長照2.0》，整合照顧及專業服務、交通接送服務、輔具與居家無障礙環境改善服務和喘息服務，又總稱為「長照四包錢」，也就是四種給付項目有提供補助。以失智症患者來說，《長照2.0》有居家服務可申請，但居家復能服務更適合失智症患者個案訓練及照顧者的照護技巧教導、心理減壓等。如果失智症患者未符合政府資源的申請條件，還有其他非正式照顧資源可以利用，例如台灣失智症協會的瑞智互助家庭、天主教失智老人基金會資源的居家服務、慈濟長照據點，線上照護社團也是資源利用的方式之一，如：「失智・時空記憶的旅人」臉書粉絲團。,照顧喘息,用藥和照護,https://health.udn.com/health/care/133/292709
失智症,我是女生，身材比較瘦小，每次照顧父親時都覺得很吃力。想問大家覺得照顧過程中哪些部分壓力最大？如沐浴、餵食、外出、就醫等。,"失智症照顧者該如何排解照顧者的身心壓力？專業心理師建議這樣做。 第一招：飲食簡單化但不隨便。第二招：好好睡覺，就寢不胡思亂想。第三招：抽空運動，非勞動。第四招：定期找人聊聊，釋放心中垃圾。 第五招：給自己留時間。第六招：信仰第七招：能扶持的群體",照顧喘息,用藥和照護,https://health.udn.com/health/care/133/292710
失智症,最近爸爸手受傷，我看他穿衣服不方便想幫他，但是爸爸堅持要自己穿，有什麼方法能幫他嗎？,失智症患者的行為能力會不斷退化，到了一定程度，連穿脫衣服都無法自己完成；另也可能因手部疼痛、五十肩等各種理由，讓換衣服成為日常困擾。穿衣服時誘導他，受傷的手、動作較不靈活的手，要先穿過袖子。要告訴他放輕鬆，不要緊張我幫你「拉」。準備比較有彈性的衣服，好穿脫的前開襟衣服，尺寸要大一點，太合身的不好穿了！穿好後記得多給予讚美，讓長輩有成就感。失智長輩只要穿脫衣服有困難，可以試試「自黏式內衣」，學會相關技巧就能讓更衣過程輕鬆順利。穿衣照顧重點：1、衣著選擇以款式簡單、易穿脫為主。2、選擇衣物時，給予失智長者自主決定權。3、失智長者喜歡穿的衣服，多準備幾套。4、注意天氣改變，協助增減衣物。,穿著打扮,穿著和衛生,https://health.udn.com/health/care/130/292711
失智症,自從過完年，感覺爸爸變得很敏感、人也容易恐慌，總覺得有人要害他。其他失智長輩也會出現這樣的狀況嗎？,"首先需要認同失智症患者的恐慌跟害怕實際存在，想像身在那種情緒當中的感受，不需要刻意附和對方的妄想或幻覺，但不去否認對方心情的低落跟緊張,，讓對方知道我們在乎他的感受給予包容。後續詢問失智症患者有沒有可以幫忙的地方，或者可以怎麼做才不會那麼緊張， 他才會把我們當成自己人。",妄想,認知和脫序,https://health.udn.com/health/care/132/292712
失智症,媽媽最近吃飯時間越來越長，食物老是含在嘴巴里，又不吞下去，是什麼原因？有什麼方法嗎？,"隨著年紀增長，器官也會慢慢退化！吞嚥功能出現障礙時，可以試試軟質、泥狀食物，液體的話可以加增稠劑，預防嗆咳以及吸入性肺炎，也可以訓練吞嚥復健，平日可進行健口操與按摩，加強咀嚼肌群的力量、強化吞嚥功效，還能預防吸入性肺炎，同時促進唾液分泌。 若仍無法改善，最後就是管灌飲食了！預防走到鼻胃管這一步，可以找專業的語言治療師做復健，政府長照也能申請復健師到家裡來教導。",喝水與吞嚥,飲食和營養,https://health.udn.com/health/care/129/292713
失智症,阿公很抗拒洗澡，但有次身上都臭了，想幫他洗澡卻因為掙扎而滑倒受傷，你在照顧家人的時候，還有遇到過什麼棘手的情況嗎？,首先要了解什麼因素讓失智症患者拒絕洗澡，一是因為洗澡動作比較複雜，對失智症患者來說，面對未知的事物會感到害怕。二是因為洗澡是隱私行為，若對照顧者沒有信任感，也會抗拒。面對輕度失智症患者，可以先用勸說、引導和衛教的方式，包括事前說明、分享洗澡的好處、連結生活經驗的喜好或習慣等，例如爺爺以前很喜歡跟朋友上館子，就可跟爺爺說：「待會要去餐廳吃飯了，洗澡才不會身上臭臭的，為爺爺穿上好看的衣服，在朋友面前一定很有面子。」但若面對中、重度失智症患者，會因為洗澡產生很大的情緒變化，為了避免情緒帶來攻擊等傷害，可以減少洗澡次數，不強求天天洗，或考慮將失智症患者帶至門診，由醫師評估病況，必要時開立穩定情緒的藥物，在洗澡前半小時服用，以穩定失智症患者情緒。不過最好先採引導等方式誘導失智症患者洗澡，千萬不可洗澡前亂服用藥物，以免產生暈眩等危險。,洗澡刷牙,穿著和衛生,https://health.udn.com/health/care/130/292714
失智症,真的好討厭過年，每次都被親戚狂說風涼話，讓人只想翻白眼，失智症患者家屬在過年期間最不想聽到什麼話？,逢年過節是一般人的休假及家族團圓時間，但對平日照顧失能家人的家庭照顧者而言，卻可能變動平日的照顧規律，還要接待返鄉家人，反而更加勞心勞累，甚至使照顧者出現「假期恐懼症」。建議拜訪失智症患者時應注意措辭，可以「辛苦了」「謝謝你」及「換你休息」三句好話代替爆炸句，減少衝突發生，並讓照顧者能好好喘口氣。特別是鮮少回家或未經手照顧的家屬，一句無心的話語可能引爆照顧者的壓力鍋。此外，大部分照顧者因放不下或不知怎麼開口尋求協助，以致家屬以為不需要協助，事實卻非如此。建議家屬趁假期主動替手照顧，或可帶著照顧者抽離照顧環境，例如走春、喝咖啡、按按摩等，讓照顧者能休息紓壓。,照顧喘息,用藥和照護,https://health.udn.com/health/care/133/292715
失智症,最近天氣好冷，照顧的長輩常常手腳冰冷，請問大家有沒有推薦的保暖方法？,"秋冬之時，容易有四肢冰冷的狀況發生，許多人認為穿愈多身體愈溫暖，但主要的關鍵在於是否「暖對」地方。穿衣方式推薦洋蔥式的穿搭，最內層是暖和的發熱衣、外層套棉質上衣或毛衣，最後再穿上防風保暖外套。若不出門的話，在家可以準備下列物品或嘗試不同的保暖方式：●穿襪子、戴帽子和護脖套。●睡前泡腳。●使用乳液可以防止水分散失降溫，並可以保濕預防乾癢,，每日早晚使用很有幫助。●準備電毯（注意長時間使用低溫恐造成灼傷, 特別留意不要夜間睡眠使用造成灼傷或者引發意外）。●可以開變頻冷暖氣機，保持家裡恆溫，老人家不會一直縮著不動。●泡腳（使血管擴張，讓血液流向下肢，改善體內血液循環）。許多人會問：「睡覺到底能不能穿襪子？」只要注意選擇透氣的材質、不要太緊就沒有問題如果本身有皮膚疾病就不太適合穿襪子睡一整夜。運動亦能讓手腳暖和起來，平常要有固定運動的習慣，沒事多走乎戶外曬曬太陽，幫助人體新陳代謝與血液循環。",冷熱知覺,穿著和衛生,https://health.udn.com/health/care/130/292716
失智症,家人確診失智症，想送家人到安養院住又怕被說不孝，我該辭職照顧嗎？,照顧失智症家人，是日復一日、永不止息的工作，大小瑣事繁雜，還要安撫精神狀態，長期下來，體力跟精神都吃不消。戴玟婷說到，當父母晚年失智，送去安養機構說不定比在家安老還愜意！不要被傳統孝道綁架，父母在臨終前能被專業人員好好照顧，不外乎是另一種善終。建議先充分了解長輩的疾病狀況，跟醫生討論各階段的照護方式後，再與手足分工，避免意見不合、找不到共識。若家庭成員都有人力照顧上的困難，可討論一起出錢聘請移工居家照顧，或尊重老人家的意願送至安養機構。,補助申請,用藥和照護,https://health.udn.com/health/care/133/292717
失智症,家裡人都不理解照顧者的辛苦，自己在照顧路上感覺很孤獨，請問有什麼方式能激勵自己，讓自己不感到孤獨？,"常說「久病床前無孝子」，這句話其實充分反應了長期照護病人的壓力之大，因為勞心勞力的工作總是讓照顧者比被照顧者先倒下。 該如何避免人倫悲劇？沒有人天生喜歡或適合做看護，不要忽略了自己焦慮、憂鬱的感受，量力而為有可喘息的空間才能提供好的照顧服務，情境逼迫下所提供的協助有可能形成對方感受壓力的來源，適時抒發身心壓力，可以善用政府長照2.0的資源或長照地圖，可安排至機構、據點參加健康促進活動，或申請喘息服務。千萬不要認為家庭照顧者是弱勢，承擔過度責任，照顧失智家人是長期作戰，當無法負荷時，要適時尋找外援減輕壓力。",照顧喘息,用藥和照護,https://health.udn.com/health/care/133/292718
失智症,每次幫失智的阿嬤洗澡都非常困難，簡直像打仗，有時得出動三、四個人才能順利完成這「不可能的任務」，該怎麼讓失智症患者願意洗澡？,浴室的溫度、水溫是讓失智症患者願意洗澡的原因之一，除了營造環境氛圍，要多鼓勵、讚美失智症患者，讓心情保持愉快。如果長輩不願意洗澡，要先找出心理因素，可能是過去曾在浴室滑倒受傷，或不認得照顧者，以為陌生人要往他身上潑水，產生被侵犯的感覺等。若每次洗澡都像打仗一樣，其實也不見得需要天天洗，也可以擦澡替代。「善意的謊言」可增加洗澡誘因，例如哄騙要去找最愛的孫子、兒子，或是出門吃喜酒等，要洗乾淨才能出門。如果長輩當下心情不佳，可以等有意願、順著喜好規勸，不要責罵強迫，不然很容易發脾氣更糟！失智照顧要養成規律作息，記得在固定的時間帶去洗澡，久了就能刺激大腦的生理時鐘。,洗澡刷牙,穿著和衛生,https://health.udn.com/health/care/130/292719
失智症,你怎麼發現家人失智？,失智症是一種疾病，而非正常老化現象。可以從長輩的日常生活中進行初步判斷，如忘記事物的發生頻率高且嚴重，即使經由他人提醒，也只能想起小部分，甚至完全無法回憶，就要警覺可能罹患失智症；正常老化的長輩同樣可能會忘記自己剛剛在廚房燒開水，但是走回廚房看到水壺就可以自己回想起來，也就是說失智症患者的記憶力，會隨著時間逐漸變差，而大腦智能也會逐漸受影響、退化。除了老化現象容易與失智症混淆，憂鬱症或焦慮情緒引發的認知功能障礙，稱為「假性失智」，不定時發生陰霾般的低潮情緒籠罩，連日常生活瑣事都受到影響。其症狀常伴隨記憶力變差、無法專心、食欲不振、體重減輕等，憂鬱症難以察覺，因為表現狀況跟失智症非常相似，但透過藥物及非藥物治療，就能明顯改善症狀，甚至完全治癒、康復。現代人生活步調快，憂鬱症也會因壓力因素造成假性失智症，若家人身上有疑似失智症狀及憂鬱症狀時，多花時間觀察並求診精神科醫師，找出可矯正因素。建議平常務必落實病例跟藥物控管，以及多運動、均衡飲食和正常作息，遠離失智症危險因子。,新手照顧,用藥和照護,https://health.udn.com/health/care/133/292720
失智症,失智症患者日夜顛倒怎麼辦？,"失智症患者因為認知功能衰退、記憶力減退，會忘記當下要做什麼、要去哪裡，常會走來走去或是四處徘徊遊走，最後想不起外出的目的而迷路了，在住家附近也可能走失，最後變成失蹤的案例。當發現失智症患者不停踱步、想出門時，應該先了解他們要做什麼，或通過安撫、陪伴或是做一些事情來轉移注意力。照顧失智症患者一定要保持「環境不變」以及建立「規律作息」，當傍晚天色昏暗前，先把家裡的燈都打開，室內保持充足的光線。睡眠時使用夜燈，避免醒來時對環境感到陌生，出現踱步或跑出家門，大幅提高走失機率。讓失智症患者維持規律作息也需要家人配合， 否則家人白天上班讓失智者日間補眠，晚上返家相聚內心希望有所彌補，聊天唱歌而讓失智者夜間精神亢奮， 反而不太容易調整日夜顛倒的問題。",日夜顛倒,認知和脫序,https://health.udn.com/health/care/132/292721
失智症,請問你有用過什麼照顧資源嗎？會不會很難申請？,"政府提供的《長照2.0》，整合照顧及專業服務、交通接送服務、輔具與居家無障礙環境改善服務和喘息服務，又總稱為「長照四包錢」，也就是四種給付項目有提供補助。 以失智症患者來說，《長照2.0》有居家服務可申請，但居家復能服務更適合失智症患者個案訓練及照顧者的照護技巧教導、心理減壓等。 如果失智症患者在申請政府資源未能符合條件時，還有其他非正式照顧資源可以利用，例如台灣失智症協會的瑞智互助家庭、天主教失智老人基金會資源的居家服務、慈濟長照據點，線上照護社團也是資源利用的方式之一，如：「失智・時空記憶的旅人」臉書粉絲團。",補助申請,用藥和照護,https://health.udn.com/health/care/133/292722
失智症,帶失智症長輩外出遇到失禁問題怎麼處理？有什麼提前準備的方法？,出門前先上廁所，穿復健褲（側邊可直接撕開）、搭易換式小尿片，可以尿濕抽掉即可。可準備濕紙巾擦拭，便便時用小保特瓶裝水沖洗，使用小毛巾、面紙（比較不會破沾粘的款式）擦乾，最後擦上一層薄博的凡士林，避免紅屁屁，兼保濕、防磨擦作用。出門穿著可換上寬鬆外出褲（鬆緊帶型），另準備拋棄式手套、小瓶生理食鹽水、OK繃等，預防突發狀況，再多帶一個袋子或是乾凈的垃圾袋可以裝換下來的衣服跟褲子。掌握「看表情，聞味道，快處理」原則，家人在外面失禁時，千萬不要用指責的口氣，失智症患者會因自尊心受傷而拒絕接受照護，甚至情緒反彈。正確選擇失禁產品可降低照護負擔，不同程度的失禁失智症患者都可以使用褲型紙尿褲，注意不要提到「尿布」，而是強調與一般內褲無異，長輩更能接受。,失禁,認知和脫序,https://health.udn.com/health/care/132/292723
失智症,家人失智了，該怎麼辦？請問失智症患者會出現哪些症狀？,視幻覺、漫遊、躁動、妄想等是失智症患者常見的精神行為症狀，例如失智症患者有時會看到昆蟲、蛇等令人感到不愉快的東西，或看到房裡有人，可能是熟識者、以死去的家屬或不認識的人；坐不住，總不停走動，想離開家裡到外面去：鄰居會傷害他或偷他東西等。當失智症患者出現以上精神行為症狀時，你可以這樣做，●視幻覺：先釐清幻覺是否為藥物的副作用或交互作用，記錄此情形出現的時段頻率，與醫師討論，避免讓失智症患者過度疲勞。●漫遊、躁動：先帶失智症患者離開當下的空間，或跟失智症患者聊他有興趣的事情，試著轉移注意力，讓他忘記想要出門的想法。一般失智症患者在家發作時，建議可先觀察，如情況持續好一段時間情緒躁動、有攻擊行為，可先請醫師開一些鎮定藥物，必要時讓失智症患者服下。●妄想：先不要糾正或改變失智者，否則可能引起反效果。最好是用迂迴而模糊的態度去面對，嘗試用其它失智症患者有興趣的事物來轉移他們的注意力。當情況比較嚴重時，建議尋求老年精神科醫師協助，醫師會嘗試使用藥物減輕病人的妄想症狀，等症狀控制後，再依病人的情況慢慢減藥或停藥，藥物其實是很有效率的處理方式。,新手照顧,用藥和照護,https://health.udn.com/health/care/133/292724
失智症,請問照顧罹患失智的父母要用哪一種方式？全職照顧？外籍看護？安養院？政府資源？請問失智資源與長照資源有什麼不一樣？申請失智資源後，就不能使用長照資源嗎？,失智共照資源屬地方衛生局業務，由醫院提供失智共照、個管服務與社區據點活動，獨立於政府的長照2.0服務之外，跟長照資源不衝突，可以搭配使用。,補助申請,用藥和照護,https://health.udn.com/health/care/133/292725
失智症,請問失智資源與長照資源有什麼不一樣？申請失智資源後，就不能使用長照資源嗎？,失智共照由醫療院所提供個案診斷與追蹤管理、共同照顧服務、安排轉介失智社區據點與家屬培力賦能課程，並提供單一窗口可諮詢失智症相關問題，由專科醫師協助也可能協助申請身心障礙證明或者進行處方藥物調整，不論對於失智或者長照資源申請都很有幫助。失智共照資源屬地方衛生局業務，由醫院提供失智共照、個管服務與社區據點活動，獨立於政府的長照2.0服務之外，跟長照資源不衝突，可以搭配使用。,補助申請,用藥和照護,https://health.udn.com/health/care/133/292726
失智症,請問大家在照顧的這條路上，會經常感到孤立無援嗎？,明明已經盡心盡力，卻因為失智症患者病情不穩定而沮喪自責，或被其他家人指責，長期處在壓力下，容易成為「隱形第二患者」，若未紓解煩躁不安的情緒，小心身心失衡引發「侍病憂鬱」。每個人都會成為照顧者，都應為未來的照顧工作預做準備，事先了解長照2.0提供的四包錢：照顧及專業服務、交通接送服務、輔具服務及居家無障礙環境改善服務、喘息服務補助。多留點時間給自己，定時清理情緒、養成規律運動、找到宣洩管道，把照顧好自己列為身心安頓的首要任務。,補助申請,用藥和照護,https://health.udn.com/health/care/133/292727
失智症,請問照顧者平時會遇到想睡睡不著的情況嗎？大家都是怎麼解決的？,照顧失智症患者容易持續忽視心理壓力和身體出現的警訊，最後可能是自己先累倒。長期積累的疲憊和壓力，可能還會讓照顧者變得脾氣暴躁、情緒崩潰，甚至產生「侍病憂鬱」。照顧者可與其他親友說明責任分攤，別把照顧的責任都一肩扛，如果出現侍病憂鬱，尋求身心科協助，進行身心壓力評估。政府提供的長照2.0補助及服務也能多加利用，利用長照地圖，尋找居住的鄉鎮市區的長照服務，即便所住的區域並未提供，也可透過各區轉送服務，送至符合需求的長照機構。可以撥打長照專線1966，照管中心會派照管專員到府評估失能等級；在想要休息的時候，也可申請喘息服務，也能好好照顧自己。,照顧喘息,用藥和照護,https://health.udn.com/health/care/133/292728
失智症,請問大家會帶失智症患者一起做什麼事嗎？該用什麼方式引導失智症患者參與？,帶領失智症患者參與活動要先了解對方興趣，有機會讓失智者露一手，由職能治療師或培訓種子教師引導對方加入活動，多給予正向肯定與鼓勵，重點在參與的過程開心與認同，而不是聚焦在作品好不好看，一同歡笑才有機會安排往後更多的活動。,延緩課程,非藥物治療,https://health.udn.com/health/care/134/292729
失智症,請問大家會替失智症患者安排活動嗎？例如：運動、家事、手工藝...,讓失智症患者從事有興趣的事才可以持續，從事他們做得到的事可以降低活動挫折感，例如園藝（尤其水果蔬菜）或烘培，可以滿足成就感並提升自信，思考活動樂趣並能給予失智症患者正向回饋，或者設計活動取得代幣可以兌換獎品之類的，賦予活動具有工作意義。,新手照顧,用藥和照護,https://health.udn.com/health/care/133/292730
失智症,請問你也曾遇過失智症患者說你是小偷的狀況嗎？請問該如何處理？,失智症患者由於大腦退化，容易出現幻覺或妄想。而且因為失智症患者的判斷力下降，切記不要試圖去說服失智症患者，也不要責罵讓他們感到挫折，因為這只會讓他更生氣。正確的方法應該是，可以試著用感性的方法，讓病人得到情感的支持，並解決病人真正焦慮的核心。當遇到失智症患者覺得自己的錢被偷的時候，建議可以這樣做——用溫和的語氣同意他的觀點，並鼓勵他去尋找；如果失智症患者的情緒較亢奮，可以先別跟他說話，等他冷靜下來時再進行溝通。,妄想,認知和脫序,https://health.udn.com/health/care/132/292731
失智症,長輩大小便失禁，該包尿布嗎？,要不要包尿布有非常多需要討論的事，像是長輩尊嚴、溝通、舒適度等，對多數老人家來説，包尿布是最後一道自尊與防線，有行動能力的長輩可穿復健褲，若無行動能力者可給包尿布。使用穿脫型比較透氣舒適、薄、不會溢漏，最重要的是穿上外褲以後比較看不出來。照顧者會怕床單的換洗，床上要鋪上中單、看護墊，再穿上復健褲+尿片，尿片有白天型（1~2次）、夜晚型（3、4、6次），外出可用前後固定不移位型的尿片，一大片包覆型（側邊可直接撕開）是最不得已的選擇。可自行穿脫的褲型能讓長輩找回他們的自主權、尊嚴感，有助於失智長輩維持生活自立、延緩退化，同時也減輕家屬的照護負擔。,失禁,認知和脫序,https://health.udn.com/health/care/132/292732
失智症,失智症患者情緒不穩定，大吵大鬧時，請問要如何安撫？,"失智症患者吃飯時生氣、情緒起伏變化大、或幫他洗澡時突然發脾氣都屬於常見的情緒不穩定。 遇到這樣的情形記得轉換情境，不管是換個地點出去散步、換個話題聊天討論， 或者插入點心水果或遊戲等有趣好吃的動作，都有助於緩解當時緊張的氣氛，後續再抽絲剝繭處理背後的難題。",新手照顧,用藥和照護,https://health.udn.com/health/care/133/292733
失智症,身為家中無業的小孩，被兄姊要求照顧失智的老爸，長期照顧下來情緒越來越低落，很難開心起來，你也會這樣嗎？,照顧失智症患者勞心又勞力，長期積累的疲憊和壓力，可能還會讓照顧者變得脾氣暴躁、情緒崩潰，甚至產生侍病憂鬱。什麼是「侍病憂鬱」呢？心理師李汶軒解釋，長時間照顧失智症患者，卻沒有先妥善照顧自己，久而久之累積生理性疲累和精神性疲勞，產生了失落、無助、挫折、焦慮等負面想法，最後可能情緒憂鬱、甚至演變成憂鬱症。如何紓解負面情緒●保持正面樂觀態度●別一個人扛下全責●善用喘息服務資源●注意攝取均衡營養●維持規律運動習慣對抗憂鬱可掌握五種營養素的飲食來源：●魚油、深海魚油●褪黑激素●色胺酸●維生素B群●礦物質鈣、鎂、鉀營養素,身心壓力,用藥和照護,https://health.udn.com/health/care/133/292734
失智症,請問失智症患者不願意出門看醫生怎麼辦？,失智症患者不願就醫常見的原因，是因為他們沒有「病識感」，不覺得自己的健康有問題，或者以為是正常老化，「人好好的又沒怎樣，為什麼要去醫院？」家屬一再勸說，只會讓他們覺得很煩，這時候可以藉助一些方法，準備一些劇本。1.找出關鍵人物：誰講話長輩聽得進去，誰就是關鍵人物，例如奶奶不起床，但奶奶很聽女兒話，可以請女兒打電話進來，讓長輩有起來的動力，比其他人講都有效。2.請失智症患者陪另一位家人去看病：可以試著跟長輩說，「奶奶我今天不舒服，我想去看醫生，你可不可以陪我去？」事實上是掛奶奶的門診，但說自己要看病，可以讓長輩有生活尊嚴。3.請信賴的醫生轉診：很多失智症患者會伴隨其他慢性疾病，可以先從平日常看的醫師著手，例如家醫科醫師，家屬可以先跟醫師套好招，請醫師跟長輩說需要轉診。,新手照顧,用藥和照護,https://health.udn.com/health/care/133/292735
失智症,請問遇到會下照顧指導棋的親戚怎麼辦？,台灣進入高齡社會，長照基本上已經成為家家一本難唸的經，不僅要面對照顧父母時，體能、金錢和精神上的三重煎熬，最難應付的可能還是——對於「照顧」家人這件事，人人的意見不同。而且在傳統孝道的社會下，實在有太多太多愛下照顧指導棋的「好心人」，殊不知這些意見只會讓真正的照顧者變得更加手足無措，而這些意見與評判最後只會變成「照顧勒索」，讓他們的責任越來越沉重。想要避免這種情況，建議定期召開家庭會議，讓所有家人了解現狀，一起討論、決定照顧決策，讓家人皆有參與感，既能避免指手畫腳，也能讓家庭會議免於變成爭吵大會。請記得，我們在照顧的過程中，不可能處處完美，學會正視自己的情緒，並且訂立合適的照顧目標，才是讓自己喘息的良好之計。,照顧喘息,用藥和照護,https://health.udn.com/health/care/133/292736
失智症,天氣變冷，請問大家都怎麼替長輩保暖呢？,"首先營造居家舒適環境，長輩最常走動的臥室、衛浴與客廳都要做好防寒與安全措施。室內可開空調或電暖器；寢室可用電毯、羽絨被；進入浴室洗澡前，可先將暖氣打開，避免溫差太大；使用乳液可以減少水分散失降溫，提供保護層保暖，也能降低冬季皮膚乾癢， 洋蔥式穿衣之前一定要做到早晚擦乳液。寒流來襲時，盡量不要出門，如果一定要外出，務必要做好完整的保暖，尤其是頭頸部、四肢末端，除了多加件衣服，可加上圍巾、帽子、口罩、手套、毛襪等，注意保暖衣物要方便穿脫。從戶外回來，可以喝熱湯、熱薑茶保暖；睡前用熱水泡腳，或是加上精油按摩，有助於提升體溫。在家也可多鼓勵或陪伴長輩做些暖身運動，促進血液循環，同時提高深層肌肉的溫度。",冷熱知覺,穿著和衛生,https://health.udn.com/health/care/130/292737
失智症,過年期間大掃除、拜拜，親友進出拜年，失智症患者情緒波動較多，請問如何幫助失智症患者和家人平順過年過節？,過年總有來自四面八方的親友來家中拜年，除舊佈新之餘，也準備迎接年度的圍爐團聚，部分家屬趁年節前帶失智長輩回家，卻常常踩到失智長輩的「地雷」，讓原本溫馨的團聚時刻，成了惡夢一場。過年通常是家人最忙的日子，容易疏於照顧失智症患者。建議每天一定要幫患者做「現實生活導向」以及「節氣關懷」，告訴他今天是星期幾、現在幾點、是什麼節日、天氣如何、白天還是黑夜，有特殊節日時，要告知稍後要做什麼活動等。若有些失智長輩焦慮感比較嚴重，不必告知活動的細節，像是等等要炒菜、蒸蛋等，若過去該長輩掌控欲較強，或比較容易操煩，提醒他這些事情，恐讓他焦慮不安，他會不斷想提醒子女「好了沒」、「做到哪個階段了」。,照顧喘息,用藥和照護,https://health.udn.com/health/care/133/292738
失智症,因為照顧失智的家人，非常害怕自己將來也會失智，請問你也會有這樣擔憂的心情嗎？,失智症的成因很複雜，維持健康生活習慣未必會發病，及早準備規畫總不會有錯。預防失智症可以從動態運動或靜態活動著手，譬如跳舞和打乒乓球，不止有運動效果，還能訓練反應能力，也能與人互動；與朋友相約打麻將也優於打線上麻將；參加課程學習編織、烹飪、插花、樂器演奏也是好選擇，這些活動的認知複雜度比較高，還能兼顧社交、娛樂性和成就感。,新手照顧,用藥和照護,https://health.udn.com/health/care/133/292739
失智症,請問身為照顧者的你們，都幾點睡？以及幾點該起床照顧失智症患者？,照顧者需要配合失智症患者的作息，加上長時間隨身照顧，犧牲自己的休息睡眠時間，在這之前照顧者應該明確界定責任分攤，也能申請喘息協助資源，讓自己好休息。可以申請政府的長照2.0的補助及服務，在居住的鄉鎮市區，尋找需要的長照服務，即便所住的區域並未提供，也可透過各區轉送服務，送至符合需求的長照機構。照顧者可利用政府提供的長照2.0補助及服務，利用長照地圖，尋找居住的鄉鎮市區的長照服務，即便所住的區域並未提供，也可透過各區轉送服務，送至符合需求的長照機構。可以撥打長照專線1966，照管中心會派照管專員到府評估失能等級；在想要休息的時候，也可申請喘息服務，也能好好照顧自己。,照顧喘息,用藥和照護,https://health.udn.com/health/care/133/292740
失智症,請問你也有帶失智症患者外出的困擾嗎？如失智症患者的體力、上廁所、餐廳用餐等等問題。該如何解決？,在長輩失能臥床前，最好多帶出門走動，延緩病程的惡化速度。帶長輩出門要留意一定要準備輪椅，走累了還有輪椅協助，也減輕照顧者的負擔。外出景點的一樓要有坐式馬桶，避免一蹲下去就爬不起來！注意是否有「無障礙空間」設施，有擺放拐杖或助行器的設計，光是上廁所這件事，關乎失智者與照顧者對踏出家門心生排斥。出門走動要固定補充水分，保持平常的排泄時間；外出時間不要太長，累了情緒會不穩定。至於用餐問題，事先查詢是否為友善餐廳，提供安靜的角落給失智者用餐、可以自在用餐跟服藥。包括預約點菜，是否符合長輩的喜好、牙口能力，或是否能接受消費者自行準備剁碎餐、特軟餐及半流質餐等。,外出,居家和行動,https://health.udn.com/health/care/131/292741
失智症,請問大家都怎麼幫長輩備餐？,"照顧長輩因人而異！可詢問營養師調整食物的軟質、剁碎、細碎、細泥、半流質、濃流質等，另看每個人的吞嚥能力，依照牙口跟身體健康狀況有所不同，大致上以原型食材為主，避免加工食品。可記住3點要訣，幫家中長輩備餐： 1.調整食物質地 不一定所有食物都要打成糊狀，若長輩還有咀嚼及吞嚥功能，盡量保持食物原本的樣子比較好。2.選擇營養密度高的食材 多準備富含優質蛋白質的魚、蛋、黃豆製品等，攝取足夠營養，讓身體維持正常生理機能。3.注重色香味 運用天然的蔥、薑、蒜、九層塔增添風味，提升長輩食欲，避免過度使用鹽、醬油等調味料。如果是失智症長輩備餐，除了慢性病控制與營養均衡之外，還是要考慮長輩喜歡吃什麼？家鄉味是什麼？討厭加什麼？（香菜蔥蒜等）， 食物上的芝麻會不會看起來像小蟲，尤其食慾欠佳的失智症長者，喜歡吃願意吃可能更為重要。",營養,飲食和營養,https://health.udn.com/health/care/129/292742
失智症,請問照顧者有時間做自己的事嗎？大家都幾點睡呢？一整天下來，好像只剩下半夜能做自己的事？,許多照顧者都對自己很吝嗇，一講到時間，就覺得不夠用，也不能再挪出更多時間照顧自己的情緒。其實，越忙越要讓自己有時間可以緩衝，為自己建立一個習慣，定時清理自己的情緒，幫助自己處理情緒，才不會讓情緒隨處爆炸！如何紓解負面情緒？1.保持正面樂觀態度：允許心情低潮、不完美，自我肯定照顧家人的工作很有價值，記得每天稱讚自己：我很重要！2.別一個人扛下全責：善用身邊的家人、後援，別全部攬在身上，或找幾個家屬支持團體，一起解決照顧上的難題。3.善用喘息服務資源：不管多忙，都要給自己喘息的空間，轉換心情和環境做些喜歡的事，看場電影、運動或放空。4.注意攝取均衡營養：補充富含色胺酸的食物，能擺脫憂鬱情緒！色胺酸可以促進血清素的合成，改善睡眠的狀態。5.維持規律運動習慣：可在家簡易伸展四肢，或是參加線上運動課程；也可帶著失智長輩一起互動，重溫親子時光。,照顧喘息,用藥和照護,https://health.udn.com/health/care/133/292743
失智症,新冠疫情爆發期間每天確診數攀升讓家屬好緊張，失智症患者一直在無預警之下跑出門，隨時都有染疫風險，到底該怎麼辦？,失智症長者的抵抗力較弱，想降低他們的染疫風險，最實際的做法包括按期程施打疫苗提供基礎保護力，讓防疫措施成為有趣的遊戲。有事沒事洗洗手準備開心吃點心，戴口罩畫個微笑大花臉裝扮自己，用提醒語氣但不要用嚴厲警告方式嚇唬失智者，戶外多走走沒問題，避免在室內空間多人聚集吃飯等。,外出,居家和行動,https://health.udn.com/health/care/131/292744
失智症,失智症患者情緒不穩定，大吵大鬧時，請問大家都如何安撫？,當失智症患者情緒失控時建議先冷處理，不爭論但也不去附和對方，其實像是回答「是，你講得對。」「我們就這樣做吧！」可能會被認為刻意挑釁。基本原則就是應聲不給予肯定或否定，爭執不放心頭，適當時機轉換情境，再看看失智症患者有沒有什麼不舒服或者哪個癥結點會出現明顯反應，往後再多留意避開情緒地雷，是比較有效的應對方式。,新手照顧,用藥和照護,https://health.udn.com/health/care/133/292745
