Title,Link,內文,Type,來源為報系
生活照護／長照常見問題 如何讓長輩能舒適洗澡？,https://health.udn.com/health/story/10697/5403764,,,
生活照護／一直問失智者「我是誰」、「他是誰」？  6個NG行為別再做了,https://health.udn.com/health/story/10697/5225504,,,
失智科技／健康存摺APP再升級  3月起放寬親屬查詢,https://health.udn.com/health/story/121922/3620528,,,
精神行為／長輩見鬼？該看醫師而非法師,https://health.udn.com/health/story/10697/4431703,,,
溝通技巧／高齡門診最愛問：失智症者跳針問話 溝通有3招,https://health.udn.com/health/story/122289/5122712,,,
失智症新手照顧難題 聯合報與WaCare四堂線上課程解惑,https://health.udn.com/health/story/5692/4741240,,,
2024失智永續論壇／友善餐點、空間改裝 溫暖失智家人,https://health.udn.com/health/story/121922/8402919,,,
2024失智永續論壇／齋藤正彥：不要在失智症者身上追求合理性,https://health.udn.com/health/story/121923/8402794,,,
邊看邊記 看完分享 看電視也能防失智,https://health.udn.com/health/story/121934/8402080,,,
關節問題竟排最後！熟齡族保健最在乎「抗衰老」  抗老撇步公開,https://health.udn.com/health/story/6039/8389926,,,
旋律聲中看見希望！音樂療癒打開失智症家庭的心房,https://health.udn.com/health/story/121934/8377268,,,
記憶衰退是正常老化或失智？醫教你如何分辨及何者可能恢復,https://health.udn.com/health/story/5965/8375381,,,
睡眠中拳打腳踢、大吼大叫是怎麼了？教授揭該如何應對與處置,https://health.udn.com/health/story/5965/8369508,,,
為了在中年保持健康 專家建議50歲後應該多攝取的5種常見食物,https://health.udn.com/health/story/6037/8367693,,,
阻肌肉流失、維持大腦認知…中年的你每周必吃5種高營養食物,https://health.udn.com/health/story/6039/8367749,,,
「健腦小測驗」快速評估你的大腦健康 幫助延緩認知退化、預防失智症,https://health.udn.com/health/story/123539/7315476,,,
吃腦補腦恐增腦中風、血管性失智風險！12種補腦食物一次公開,https://health.udn.com/health/story/6037/8338270,,,
記憶熱蘭遮 失智症協會舉辦成立20周年老照片展,https://health.udn.com/health/story/8118/8336690,,,
邊記動作邊活動 揪團運動促社交、防失智,https://health.udn.com/health/story/10734/8331344,,,
失智症早發現早治療 可延緩退化5至8年,https://health.udn.com/health/story/121923/8329995,,,
【Podcast】Ep18.當父母罹患失智症，身為子女的我該如何面對最熟悉的陌生人？,https://health.udn.com/health/story/123902/8330622,,,
做不到日行萬步沒關係，步速更關鍵！調整走路5動作讓你走得更快,https://health.udn.com/health/story/6033/8323639,,,
預防阿茲海默症的飲食策略　提升神經生長因子的關鍵方法,https://health.udn.com/health/story/10696/8311409,,,
永遠不嫌早！專家建議為了大腦健康 你每天應該做的4件事,https://health.udn.com/health/story/5965/8308248,,,
周末賴床好處多！台大研究：可降低74%失智風險,https://health.udn.com/health/story/5999/8302581,,,
近80歲退休師「忘東忘西」非失智 醫：及早診斷有機會逆轉,https://health.udn.com/health/story/5964/8298296,,,
醫療奉獻獎／翻轉老人癡呆汙名  天主教失智老人基金會帶失智者走進陽光,https://health.udn.com/health/story/6001/8296594,,,
中年過後更要看！想要健康呷百二，70歲是關鍵！醫：及早做到3件事不怕急速衰老,https://health.udn.com/health/story/6039/8225616,,,
別以為2者之間沒關係 最新研究稱3種心臟病可能影響大腦健康,https://health.udn.com/health/story/5977/8290701,,,
年紀越大睡得越少？專家告訴你真正需要的睡眠時間及如何睡好,https://health.udn.com/health/story/5964/8277676,,,
研究發現多攝取類黃酮助降失智症風險，這些食物含量多,https://health.udn.com/health/story/121934/8248218,,,
戒菸、控制三高！相較退化性失智症 血管性失智能從病因預防,https://health.udn.com/health/story/10695/8256072,,,
爸爸失智，媽媽形同沒有伴！該如何為失智家人做照護決定？,https://health.udn.com/health/story/10844/8255622,,,
【Podcast】Ep16. 旅人Talks：獨扛重擔圓滿孝道？三天內吃完一周的藥？26歲肩負照顧責任？從失智旅人看照顧怎麼伴！,https://health.udn.com/health/story/123902/8252171,,,
有家庭要養，罹病了該怎麼辦？年輕型失智症患者如何保住工作？,https://health.udn.com/health/story/10695/8246583,,,
我會失智嗎？台大醫師曾文毅：腦齡老5歲以上就要警覺,https://health.udn.com/health/story/10696/8235752,,,
40歲以上免費健檢省千元，不同年齡層補助次數不一樣！搭「一量表」自測緩失能,https://health.udn.com/health/story/6008/8225614,,,
【Podcast】Ep15.失智症會不會遺傳？可以預測發病年紀、提早預防嗎？博恩爸爸、台大醫師曾文毅的大腦逆齡研究,https://health.udn.com/health/story/123902/8231770,,,
吃櫻桃補鐵、補血其實沒效！專家揭「隱藏4益處」，竟還能改善睡眠品質,https://health.udn.com/health/story/6037/8226623,,,
地方名人堂【基隆市】長輩多住山坡上 張賢政：「3箭」連結長照資源供在地安老,https://health.udn.com/health/story/124045/8206208,,,
年長者誘發憂鬱症常見3原因！醫：存好「3三本錢」 不怕老了病來磨,https://health.udn.com/health/story/5964/8200102,,,
每天約有200位長者發生車禍意外！台灣道路「三缺」問題，聽聽專家分享該如何解決這問題？,https://health.udn.com/health/story/5999/8114312,,,
薑黃抗氧化、抗發炎 營養師提醒並非人人適合吃,https://health.udn.com/health/story/6034/8081931,,,
副作用、合併症通通來！巴金森病中期病況複雜，與醫師並肩作戰更關鍵,https://health.udn.com/health/story/122253/8075992,,,
【免費報名】青少年失智家屬戲劇治療支持團體,https://health.udn.com/health/story/7755/8053165,,,
當醫師成了病患家屬／拾荒、喝罐頭塔飲料…吳佳璇退休教授父失智 家人10多年陪病刻骨銘心,https://health.udn.com/health/story/6001/8029891,,,
維生素B12是什麼？缺乏會造成心神不寧、心悸？吃素者...3高危險群要當心,https://health.udn.com/health/story/6034/8016427,,,
腦部退化常見的危險因子，你中了幾項？中醫師分享保養穴位,https://health.udn.com/health/story/6035/8014835,,,
「人如其食」不只適用身體 5種食物有助改善大腦健康,https://health.udn.com/health/story/6037/7996115,,,
3行為恐讓狗狗不快樂又短命！醫提養狗必知注意事項，讓毛孩活得更健康,https://health.udn.com/health/story/123122/7962513,,,
從餐桌找回健康，麥得飲食防失智：營養師分享養腦好料理—地中海紙包魚,https://health.udn.com/health/story/122930/7934616,,,
外國研究發現：勃起功能障礙藥物，有機會減少阿茲海默症發生風險！,https://health.udn.com/health/story/5975/7875918,,,
醫病平台／預防失智之我見,https://health.udn.com/health/story/6001/7888942,,,
看不見的巴金森病症狀 三總病友會細談非藥物治療助一臂之力,https://health.udn.com/health/story/122253/7867060,,,
雜物滿屋難斷捨離？醫師曝愛囤積症是種病！嚴重恐會社交和職業功能受損,https://health.udn.com/health/story/6006/7865373,,,
山葵有助減緩失智症記憶衰退！研究找來72名健康志願者，發現「這成分」能降低海馬迴發炎,https://health.udn.com/health/story/6037/7779688,,,
對抗大腦認知退化 神經科學家推薦真正有益的健腦活動,https://health.udn.com/health/story/5965/6149357,,,
喝茶有助延緩老化 研究顯示每天喝這麼多抗衰老效果最顯著,https://health.udn.com/health/story/6037/7760312,,,
眼睛從40歲開始老化！醫曝紫外線是視力最大殺手，也是白內障主要原因,https://health.udn.com/health/story/5970/7739920,,,
「5種食物」少碰，起司每周別超過1次！營養師大推「護腦菜單」降失智風險,https://health.udn.com/health/story/10696/7739069,,,
多吃山葵有助加強記憶力可望預防失智症？教授告訴你實情為何,https://health.udn.com/health/story/10696/7676885,,,
長期高劑量補充維生素D增失智風險？醫師2原因說明為何一般人不需恐慌,https://health.udn.com/health/story/6034/7668064,,,
從走路姿態和速度就能看出問題 這群人罹患失智症風險高2.5倍,https://health.udn.com/health/story/7392/7659022,,,
🎧｜失智名醫徐文俊揭多重資源管道，助失智家庭渡難關,https://health.udn.com/health/story/123161/7626755,,,
🎧｜專訪腦庫推手謝松蒼：研究大腦找失智、罕病解方，病患捐大腦造福世人,https://health.udn.com/health/story/123161/7611372,,,
SNQ肯定！關渡醫院失智友善照顧模式 今醫療科技展現成果,https://health.udn.com/health/story/122930/7608288,,,
牙齒越少會影響認知功能 裝假牙或植牙對維持認知有幫助嗎？,https://health.udn.com/health/story/10696/7605669,,,
52歲科技主管拚過頭失智被迫離職！ 透過「職務再設計」重返職場找回人生價值,https://health.udn.com/health/story/5999/7593861,,,
「我可能活到100歲，但有一半機率會失智」劉秀枝退休做好2件事 其餘交給命運,https://health.udn.com/health/story/122933/7590177,,,
中風後要當心！4步驟揪出躲在中風後遺症下的巴金森病,https://health.udn.com/health/story/122253/7541939,,,
研究指中藥方劑有助改善失智症狀！「一狀況」例外，建議改用針灸、穴位按摩,https://health.udn.com/health/story/6035/7529595,,,
幾歲開始會發現自己老很快？醫師曝3年紀波段是「斷崖式衰老」關鍵，6方法延緩老化,https://health.udn.com/health/story/6039/7531688,,,
《失智照護免費線上課程》失智照護不孤單　照護難題我照你,https://health.udn.com/health/story/8118/7526717,,,
只是年紀大記憶力變不好？外媒盛傳侯孝賢因失智症退休 「他不會再導電影」,https://health.udn.com/health/story/5999/7527922,,,
糖尿病控制不佳易失智！麥得飲食、中強度「這些運動」助控血糖,https://health.udn.com/health/story/5974/7522562,,,
大腦已有失智病變，卻仍享有活躍老年可能嗎？名醫曝2個關鍵,https://health.udn.com/health/story/7392/7503427,,,
阿茲海默症臨床診斷新準則 依生物標記分0至6期,https://health.udn.com/health/story/122905/7501584,,,
好好走路就不會老！87歲金融退休董座推薦CP值最高銀髮運動，這樣「健走」防失智遠三高,https://health.udn.com/health/story/122930/7499861,,,
與失智症、心血管疾病、糖尿病皆有關 日夜顛倒的生活對健康影響有多大？,https://health.udn.com/health/story/6008/7499531,,,
健康的百歲人生並非遙不可及 104歲長輩給名醫的高齡長壽啟示,https://health.udn.com/health/story/7392/7473662,,,
動作變慢又幻覺…腦退化疾病分不清？失智症VS.巴金森病差異一次懂,https://health.udn.com/health/story/122253/7471180,,,
照護失智患者像作戰！讓元氣網 照護百科 幫你解答疑難雜症,https://health.udn.com/health/story/7755/7454496,,,
午睡充電、一天喝兩杯咖啡 專家教你5項強化記憶的生活好習慣,https://health.udn.com/health/story/5965/7454484,,,
基層診所改造2／失智、兒童成長診所精準化 才能走更遠,https://health.udn.com/health/story/122920/7448748,,,
基層診所改造1／著重分眾化、長照 多人診所成趨勢,https://health.udn.com/health/story/122920/7448746,,,
長輩黃昏症候群，「做1件事」有助精神穩定！規律作息降發作頻率,https://health.udn.com/health/story/6631/7446339,,,
課程回顧／趣味活動防失智　活化大腦不無聊,https://health.udn.com/health/story/8118/7431147,,,
白居易樂觀曠達？詠老詩作2特徵透露出他的老年憂鬱,https://health.udn.com/health/story/5964/7424710,,,
受刑人藥酒癮戒斷難持續 出獄再犯率高／圍欄內的醫療4,https://health.udn.com/health/story/122920/7412659,,,
今牌人生特色影展　為失智長輩留回憶,https://health.udn.com/health/story/8118/7375987,,,
需要存多少錢才能退休時財富自由？名醫曝最容易被漏算的花費,https://health.udn.com/health/story/7392/7363058,,,
因應阿茲海默症2新藥問世 診斷將納「生物標記」更精準用藥,https://health.udn.com/health/story/122905/7346512,,,
別再喝咖啡了，小心記憶力變差？教授破解「腦神經專家」說法,https://health.udn.com/health/story/5965/7338381,,,
這些飲食方式對你和地球健康很不利！5種食物助長壽,https://health.udn.com/health/story/6037/7329075,,,
男中暑後大腦受損竟失智！專家：中暑可預防，5件事必知,https://health.udn.com/health/story/5965/7325912,,,
運動、認知訓練及維他命D，哪個可改善認知障礙？研究這麼說,https://health.udn.com/health/story/10696/7322744,,,
澱粉樣蛋白抗體仍是治療阿茲海默症的關鍵嗎？最新研究這麼說,https://health.udn.com/health/story/10696/7312622,,,
運動可為衰老的大腦增強腦力 但研究發現少做一事效力恐減弱,https://health.udn.com/health/story/5965/7290527,,,
阿茲海默症新藥「Leqembi」獲美FDA核准！新藥真能延緩退化？有哪些副作用？,https://health.udn.com/health/story/5999/7284858,,,
補腦保健食品怎麼挑？醫籲補充完整營養素 美研究：綜合維他命減緩認知衰退,https://health.udn.com/health/story/5999/7282628,,,
多原型、少加工！我的餐盤+麥得飲食 健腦防失智,https://health.udn.com/health/story/6037/7276063,,,
全台30萬失智者易遭詐！國健署合作農會友善金融場域護老農荷包,https://health.udn.com/health/story/122905/7250209,,,
降膽固醇的他汀類藥物會致認知下降、記憶混亂嗎？研究這麼說,https://health.udn.com/health/story/6012/7250735,,,
「薑黃」抗發炎、助減肥！怎麼吃最有效？薑黃食用建議一次看 5禁忌族群避免,https://health.udn.com/health/story/6037/7223449,,,
林志玲淚崩「媽媽不認得我了」！失智症三期別，中期日常生活已需協助,https://health.udn.com/health/story/10695/7217825,,,
中年性生活滿意度不佳別輕忽 研究曝可能增認知功能下降風險,https://health.udn.com/health/story/5975/7216201,,,
改善疲勞只吃維他命B群仍不夠？專家建議多加「一物」可事半功倍！,https://health.udn.com/health/story/6034/7205957,,,
抗焦慮藥物會造成失智嗎？教授詳解抗焦慮藥的功效和副作用,https://health.udn.com/health/story/6012/7202362,,,
當「失智長輩」懷疑家人偷東西、看到不存在的人，怎麼辦？醫傳授4大應對技巧,https://health.udn.com/health/story/120650/7183732,,,
輕度認知障礙也能回復到正常 名醫授簡單易行且不花費的方法,https://health.udn.com/health/story/7392/7145144,,,
吃野生藍莓有助改善血管與大腦認知功能！買不到藍莓，這些蔬果也可取代,https://health.udn.com/health/story/6037/7119550,,,
吃銀杏補腦抗失智？多看綠色植物能護眼？醫揭關鍵重點,https://health.udn.com/health/story/6008/7113202,,,
淡大前副校長王高成逝，留遺書「腦部病變智能已失」！醫：高知識份子對失智更敏感,https://health.udn.com/health/story/5999/7092973,,,
世界巴金森日／巴金森病規律用藥 延緩退化,https://health.udn.com/health/story/5965/7089171,,,
每天8顆藥變4顆！「長者量六力」調整生活改善健康，情緒營養也重視,https://health.udn.com/health/story/6631/7040066,,,
精彩回顧 ／你放心，我們照顧你：專為照顧者打造的長輩營養照護指南,https://health.udn.com/health/story/8118/7032779,,,
輕忽年長聽損恐失智！ 專家：注意3點、50歲後定期檢查,https://health.udn.com/health/story/5969/7024815,,,
狗狗1歲不等於人類7歲？獸醫教你新的科學換算公式,https://health.udn.com/health/story/123123/7006969,,,
35歲以上即高風險！可預測失智症風險的檢查有哪些及誰適合？,https://health.udn.com/health/story/10696/6996126,,,
易被忽略的老人精神疾病！譫妄與失智、老年憂鬱如何分別？,https://health.udn.com/health/story/5964/6981543,,,
布魯斯威利失語症惡化，確診額顳葉失智症！話到嘴邊就忘了，是失智前兆嗎？,https://health.udn.com/health/story/5999/6976984,,,
常想不起來人名和物品名稱？「手機失智症」惹的禍 過度依賴手機恐腦部功能退化,https://health.udn.com/health/story/5965/6957727,,,
精彩回顧 ／佳節後拒成「大腹翁」 中醫師教您健康動,https://health.udn.com/health/story/8118/6953825,,,
6生活要素有助減緩記憶力下降 其中這項最明顯,https://health.udn.com/health/story/6008/6941221,,,
多吃蔬菜、莓果類…麥得飲食法延緩失智穩三高！一日3餐建議食譜,https://health.udn.com/health/story/6037/6935689,,,
陪巴金森病媽媽抓看不見的蛇，照服員籲：記錄發作時間作為指引,https://health.udn.com/health/story/122253/6922220,,,
精彩回顧 ／【省力照顧特輯】照顧生活好疲憊？學會善用輔具，讓你照護更省力,https://health.udn.com/health/story/8118/6903782,,,
張金堅 ／便秘、憂鬱、中風…腸道菌叢失衡百病生！教授曝2個改善重點增加腸道好菌,https://health.udn.com/health/story/121886/6907816,,,
在做特定動作時會出現明顯手抖症狀？醫提醒當心是疾病引起,https://health.udn.com/health/story/122253/6882168,,,
晚上睡太少、午覺睡太多都會提高失智風險！專家教你如何睡得剛剛好,https://health.udn.com/health/story/10696/6880903,,,
精彩回顧 ／【失智春節照顧攻略】照顧者必看！過年4大照護困擾一次解決,https://health.udn.com/health/story/8118/6871002,,,
元氣課挑戰系列／緩解胸悶緊繃問題 中醫教你八段錦增體力、促進氣血循環,https://health.udn.com/health/story/6035/6726816,,,
降低血壓、讓大腦更年輕 為何波菜是營養師最推崇的蔬菜之一,https://health.udn.com/health/story/6037/6721751,,,
🎧｜罹這癌症機率激增239% 糖尿病學會理事長黃建寧：糖尿病是疾病之母，器官保護最重要！｜理事長講堂EP7,https://health.udn.com/health/story/123161/6721185,,,
不是只有上了年紀才會失智！ 「極早期失智症篩檢量表」8題中2題建議檢查,https://health.udn.com/health/story/10696/6713829,,,
喝柳橙汁可降失智風險47%？教授揭為何不能當作飲食指引原因,https://health.udn.com/health/story/10696/6714893,,,
失智症患者可簽署預立醫療決定嗎？醫：在一個前提下可以,https://health.udn.com/health/story/10699/6694332,,,
靠打針吃藥降低壞膽固醇？沒有心臟病該吃他汀類藥物保養心臟嗎？,https://health.udn.com/health/story/5977/6691972,,,
防失智、腦霧怎麼吃？營養師揭飲食中易傷腦筋的隱藏地雷,https://health.udn.com/health/story/6037/6680459,,,
每天喝一公升啤酒可降失智症風險？喝酒到底對健康是有益還有害？,https://health.udn.com/health/story/10696/6655674,,,
超毒「超加工食品」，吃多恐致失智！營養師教飲食替代這樣吃,https://health.udn.com/health/story/6037/6614660,,,
每天在公園健走會較健康？ 醫：快走、有氧和這幾種運動，提升心肺和認知功能,https://health.udn.com/health/story/5965/6578859,,,
醫病平台／完善精神醫療，尚缺什麼？,https://health.udn.com/health/story/6001/6566623,,,
活性或非活性維他命D對失智症有無關聯？哈佛研究團隊這麼說,https://health.udn.com/health/story/6034/6579882,,,
大腦老化並非不可逆！醫：透過「777大腦保健法」扭轉腦健康,https://health.udn.com/health/story/5965/6575729,,,
論文風波會動搖阿茲海默症的類澱粉蛋白學說嗎？失智症權威劉秀枝這麼說,https://health.udn.com/health/story/7392/6566467,,,
「特定頻率電刺激＋特定腦區」有助長者記憶力？用於治療待研究,https://health.udn.com/health/story/5965/6558983,,,
咀嚼能力愈差愈易失智！會因認知功能退化、失認症、阿茲海默症等造成「吞嚥失用症」,https://health.udn.com/health/story/5965/6550409,,,
醫病平台／「自主停止飲食，Voluntarily stopping eating and drinking」的臨床與倫理思考,https://health.udn.com/health/story/6001/6532854,,,
每天攝取30至40公克好油，護腦顧心臟血管！用油5招，3種油可直接喝,https://health.udn.com/health/story/6037/6469854,,,
這手術助高齡長輩逆轉失智！台大醫院新研究登國際期刊,https://health.udn.com/health/story/5977/6491927,,,
阿茲海默症研究論文造假推翻關鍵理論？教授解析β澱粉樣蛋白和阿茲海默症有無關聯,https://health.udn.com/health/story/10696/6490926,,,
首例熱中暑確診死亡 醫曝1高危險群容易被忽略,https://health.udn.com/health/story/5999/6482035,,,
醫病平台／醫病關係應何似，恰似飛鴻踏雪泥,https://health.udn.com/health/story/6001/6463207,,,
5項健康指標助改善！《英國醫學期刊》研究：讓人短命的壞習慣也是失智風險的危險因子,https://health.udn.com/health/story/6039/6476787,,,
追蹤六年研究發現：長期養寵物者可防止認知功能下降,https://health.udn.com/health/story/123123/6464377,,,
有片／一張床「從結婚用到老」 難怪長者睡不好,https://health.udn.com/health/story/122905/6446613,,,
投票／防失智、不憂鬱 高齡世代讓自己老得幸福,https://health.udn.com/health/story/122905/6446602,,,
提早識別失智症高風險患者 研究揭肌肉量與認知功能關聯性,https://health.udn.com/health/story/10696/6432745,,,
美國醫學會期刊最新研究：握力強弱與失智症風險有關,https://health.udn.com/health/story/10696/6420080,,,
走路變慢可能是失智症前兆 專家授1招扭轉大腦萎縮,https://health.udn.com/health/story/10696/6416719,,,
睡到自然醒是最幸福？研究揭睡眠超過這時間可能提升失智症風險,https://health.udn.com/health/story/10696/6403321,,,
2022高齡論壇／高齡心理健康專家解惑  失智、憂鬱、失眠都有解,https://health.udn.com/health/story/122419/6398518,,,
前氣象主播李富城想念愛妻，過馬路恍神警覺生病！ 憂鬱助長失智，透過運動交友走出失落與悲傷情緒,https://health.udn.com/health/story/10429/6379806,,,
40歲起大腦開始衰退！日本醫學博士傳授「大腦排毒飲食法」：吃黏黏的食物，7招防失智,https://health.udn.com/health/story/6037/6309937,,,
好好治療巴金森 壽命與一般人無異,https://health.udn.com/health/story/122253/6191818,,,
及早進行吞嚥訓練 多運動是延緩巴金森病程的關鍵,https://health.udn.com/health/story/122253/6191819,,,
看遍無數老後照顧現場的體會！居服員楊嘉敏：50歲後該做好的3個心理準備,https://health.udn.com/health/story/10429/6178249,,,
禁長照探視卻鬆綁邊境 家屬炸鍋：政府監禁弱勢長者,https://health.udn.com/health/story/6631/6173326,,,
吃紅肉到底和失智症有無關係？教授揭更關鍵因素,https://health.udn.com/health/story/6037/6167788,,,
染疫重症長者易失智 醫籲完整接種,https://health.udn.com/health/story/121833/6162176,,,
新冠重症傷腦 新研究：長者出院一年後失智比例高15倍,https://health.udn.com/health/story/120951/6161125,,,
如何讓大腦老得慢？科學實證減緩大腦老化5方法，改變刷牙方式很關鍵！,https://health.udn.com/health/story/6039/6062715,,,
失智並不丟臉！精神科醫師變失智家屬，分享照護切身經驗,https://health.udn.com/health/story/5999/6126170,,,
有效避免失智及維持腦力健康 專家教怎麼吃怎麼動讓腦袋更犀利,https://health.udn.com/health/story/5965/6060033,,,
長輩婉拒外出不是體力差 醫師曝可能跟這細節有關,https://health.udn.com/health/story/5970/6075474,,,
年節熬夜小心加速衰老、猝死！  醫揭「黃金睡眠時間」：不一定要滿8小時,https://health.udn.com/health/story/5964/6072699,,,
打掃很累？權威醫親授5招「家事療癒術」，能增肌健腦搏開心,https://health.udn.com/health/story/6006/6072591,,,
發炎就是大腦病變的開始！聽手機、吃麵包...劉博仁醫師點名6大促發炎習慣，你可能天天在做,https://health.udn.com/health/story/6039/6032824,,,
為什麼你應該多睡覺？研究曝大腦神經退化的原因,https://health.udn.com/health/story/5965/6028631,,,
黑巧克力好處這麼多！保護心血管、提升腦力、抗發炎...5大好處＋挑選眉角一次看,https://health.udn.com/health/story/6037/5984867,,,
阿嬤阿茲海默失智？影像檢查揭真相,https://health.udn.com/health/story/5965/5957285,,,
防失智「10大超級護腦食物」出爐！  營養師：還有5種傷腦飲食要少碰,https://health.udn.com/health/story/6037/5935896,,,
醫病平台／「為什麼不使用長照服務？」 淺談失智症照顧者心理需求,https://health.udn.com/health/story/6001/5918330,,,
82歲阿嬤切除甲狀腺腫瘤！ 透過「精準麻醉」 術後恢復較快、不會惡心嘔吐,https://health.udn.com/health/story/10561/5903758,,,
你怎麼走路，看出老後失智機率！醫學博士公開「正確走路法」防失智、增血管彈性,https://health.udn.com/health/story/10696/5893638,,,
高齡整合照護模式實證有效 健保署研擬調整給付,https://health.udn.com/health/story/6631/5891524,,,
預防阿茲海默症 研究曝最佳睡眠長度穩定認知功能,https://health.udn.com/health/story/6008/5869432,,,
跑錯餐廳、記錯日期是失智前兆？名醫揭關鍵症狀,https://health.udn.com/health/story/7392/5853092,,,
長期新冠後遺症 確診者恐提早失智、快速退化,https://health.udn.com/health/story/120951/5821071,,,
保養大腦、防失智 康乃爾醫學中心建議維持6習慣,https://health.udn.com/health/story/5965/5803310,,,
「糖上癮」不只增加體重 營養師揭4大健康問題,https://health.udn.com/health/story/6037/5798140,,,
醫病平台／多數高齡者不希望以醫療科技維持生命！尊重生命末期照護選擇是份愛的禮物,https://health.udn.com/health/story/6001/5793825,,,
醫病平台／歹活或是好死，值得深思,https://health.udn.com/health/story/6001/5786342,,,
避免晚年失能、失智 名醫教你一招逆轉身智衰退症,https://health.udn.com/health/story/6631/5778466,,,
兒茶素利減肥、防失智、助防癌！營養師：不只綠茶，這些都吃得到,https://health.udn.com/health/story/6037/5777214,,,
行為3大改變恐患失智症 神經內科醫授日常健腦守則,https://health.udn.com/health/story/10695/5771331,,,
防失智「麥得飲食」降低53%風險，讓大腦年輕7歲半！十大健腦食物你吃對了嗎,https://health.udn.com/health/story/6037/5768011,,,
延緩退化／5招巴金森病居家運動操 訓練肌力延緩手腳顫抖,https://health.udn.com/health/story/122253/5765159,,,
劉秀枝／突然的失憶，我失智了嗎？,https://health.udn.com/health/story/7392/5754254,,,
睡太多或太少都有事！每天要睡多久才夠？一表看9個年齡層睡眠時間建議,https://health.udn.com/health/story/5964/5744302,,,
復生教會失智社區服務據點 阿公阿嬤視訊上課不怕疫情來阻擋,https://health.udn.com/health/story/121920/5720720,,,
輕中重失智者的綠洲／臺北市失智社區服務據點 新康居家職能治療所,https://health.udn.com/health/story/121920/5720717,,,
你吃的藥可能引發失智風險？專家曝「1成分、7款藥」需注意,https://health.udn.com/health/story/10695/5722358,,,
吃對了可比實際年齡年輕14歲！補充大腦必要養分，這10種食物遠離失智、記憶力衰退,https://health.udn.com/health/story/10696/5682804,,,
醫病平台／守護「看、聽、動、食、樂、智」六大內在能力，預約健康的老年生活,https://health.udn.com/health/story/6001/5681804,,,
聽力受損加速認知功能退化 失智風險增高,https://health.udn.com/health/story/5969/5662137,,,
劉秀枝／70歲後可以有怎樣的人生？,https://health.udn.com/health/story/7392/5638935,,,
動口、動腦、動手預防失智 WaCare免費線上課程教你做大腦體智活動,https://health.udn.com/health/story/6033/5627144,,,
一位罹患阿茲海默症醫師的提醒：40歲開始做到6件事，失智也能過正常生活,https://health.udn.com/health/story/10696/5560743,,,
為何阿茲海默新藥被專家否絕 FDA卻仍批准上市？,https://health.udn.com/health/story/6008/5522551,,,
輕度重度，誰適合？阿茲海默症新藥對我有效嗎,https://health.udn.com/health/story/5999/5521611,,,
失智症治療重點、照護資源，醫師圖文解說,https://health.udn.com/health/story/10695/5519714,,,
胡朝榮／失智症普篩 提早醫療介入有助預防,https://health.udn.com/health/story/7421/5513899,,,
醫病平台／記憶力一點一點的被拿走，裸露出你原本的樣！失智可以是病也不算是病,https://health.udn.com/health/story/6001/5455634,,,
醫病平台／失智症的家人與醫病互動——回應「陪父母做失智檢查，心情好複雜？」,https://health.udn.com/health/story/6001/5450051,,,
醫病平台／陪父母做失智檢查，心情好複雜？,https://health.udn.com/health/story/6001/5443340,,,
【免費課程】中醫名方傳授穴位大補帖，Live新開課線上Q&amp;A！,https://health.udn.com/health/story/122288/5432889,,,
輔具大展／運動復能逆轉輕度認知障礙  怎麼作有效？,https://health.udn.com/health/story/8118/5430832,,,
長者出外頻走失、跌倒 醫師：11症狀應就醫檢查,https://health.udn.com/health/story/6631/5371395,,,
女連忘密碼2日憂患「年輕型失智」 精神科醫師這樣說,https://health.udn.com/health/story/5964/5368924,,,
最好的藥是你的食物 3種飲食法、10大好食物活化大腦,https://health.udn.com/health/story/6037/5359971,,,
醫病平台／不只是勞雇關係，「社會參與照顧」應被重視,https://health.udn.com/health/story/6001/5345386,,,
阿茲海默症新藥試驗成功 為何卻讓公司股票大跌？,https://health.udn.com/health/story/6008/5336782,,,
張金堅／睡眠時間多久才足夠？教授教你怎麼睡出健康,https://health.udn.com/health/story/121886/5322050,,,
高齡髖關節骨折一年再住院率達64.5% 醫師教你這麼做,https://health.udn.com/health/story/5967/5316486,,,
劉秀枝／東西找不到？別怕！可能只是心不在焉,https://health.udn.com/health/story/7392/5297594,,,
塗護甲油或貼指甲不只美觀？醫：具有輔助的功能,https://health.udn.com/health/story/9830/5283522,,,
【名家專欄】楊聰財／男性也會有更年期　快速自我檢測１０中３要小心,https://health.udn.com/health/story/6048/4890164,,,
醫病天地／沒事愛熬夜 肥胖、慢性病易上身,https://health.udn.com/health/story/5965/5266250,,,
過年期間熬夜守歲、打牌或追劇 醫警告長期熬夜恐引發負面連鎖效應！,https://health.udn.com/health/story/5965/5246644,,,
非藥物治療／別怕讓失智者入廚房！專家提供5個小技巧 用「氣味」喚醒過往回憶,https://health.udn.com/health/story/121934/5224467,,,
闕廷宇／你的失智症機率有多高？一招讓失智風險少4倍,https://health.udn.com/health/story/121923/5236748,,,
與失智症拚搏！專家籲：打造失智症友善照護，身心靈都該面面俱到,https://health.udn.com/health/story/5965/5217549,,,
從你「半夜醒來的次數」竟可預測老後會不會失智？洪蘭：大腦有可塑性，但不喜歡一直變動,https://health.udn.com/health/story/5964/5214808,,,
影／高齡駕駛換照認知檢測 可提早發現失智做預防治療,https://health.udn.com/health/story/5965/5213044,,,
這些病都跟久坐有關！身體「1特徵」罹病機率爆增,https://health.udn.com/health/story/6008/5199977,,,
預防方法／談如何活得更聰明  多動腦多運動延緩老年失智症,https://health.udn.com/health/story/10696/4091231,,,
長輩誤食暖暖包 失智協會籲經濟部禁白包裝加大字警語,https://health.udn.com/health/story/6631/5172849,,,
聽得到兒子說話，卻聽不到女兒說話...原來是隱藏的失智徵兆,https://health.udn.com/health/story/10695/5138773,,,
阿茲海默症惡化幫凶  中研院揪出關鍵蛋白質,https://health.udn.com/health/story/5965/5047889,,,
有助突破治療 中研院研究首發現阿茲海默症惡化兇手,https://health.udn.com/health/story/5965/5047708,,,
「我意志消沉，智力減退，是要失智了嗎」精神科醫師給答案,https://health.udn.com/health/story/5964/5034485,,,
醫病平台／長期照顧2.0   讓失能者有所安,https://health.udn.com/health/story/6001/5029805,,,
AI可偵測 步距小於0.6公尺 恐有失智風險,https://health.udn.com/health/story/5965/5028852,,,
每秒步伐小於60公分恐失智 AI找出24處異常提早揪失智,https://health.udn.com/health/story/5965/5028392,,,
逆轉老人失智？教授告訴你「阿茲海默的終結」可信嗎,https://health.udn.com/health/story/6008/5016331,,,
懶得動就容易失智！  60歲後衰退快，不同狀態銀髮族該怎麼動？,https://health.udn.com/health/story/5965/4996957,,,
大腦健康／大腦退化恐增加失智風險？專家提醒：大腦凍齡，3行動很重要,https://health.udn.com/health/story/10696/4984198,,,
失智症會遺傳嗎？ 6症狀都非正常老化，神經內科醫師告訴你如何預防,https://health.udn.com/health/story/5965/4960967,,,
高齡門診最愛問：控制三高，長照風險少一半,https://health.udn.com/health/story/6631/4913486,,,
面對失智症 如何去做一個更聰明更健康的老人,https://health.udn.com/health/story/5965/4934932,,,
50歲以上平時不動 十招「+10行動」讓腦部凍齡,https://health.udn.com/health/story/6033/4931860,,,
中年固本！每天3次健口操，練好咀嚼肌還能防失智,https://health.udn.com/health/story/120705/4831371,,,
大腦健康／不讓大腦提早老化 預防失智症飲食與睡眠是2大補帖,https://health.udn.com/health/story/10696/4835227,,,
老人長壽從「口」開始 醫推「健口操」促牙口健康,https://health.udn.com/health/story/6631/4826760,,,
年長腦部易萎縮 醫籲運動充足睡眠不吃NG食物來凍齡,https://health.udn.com/health/story/5965/4825905,,,
老人被騙都是失智惹的禍？專家：「走不出去」才是真正禍首！,https://health.udn.com/health/story/120708/4783209,,,
阿茲海默症可防，這19條建議請細讀！,https://health.udn.com/health/story/5965/4779277,,,
思覺失調／首台國產腦部MRI 解析度大躍進,https://health.udn.com/health/story/122418/4753270,,,
相信理專 5年被騙走2億元 誤信話術「連棺材本都賠下去」,https://health.udn.com/health/story/120708/4746910,,,
這件事多做幾下，腦部血循暢通，失智症不上身,https://health.udn.com/health/story/5965/4701278,,,
中醫入長照／長者練五禽戲 一周脫掉護腰,https://health.udn.com/health/story/6631/4681049,,,
中醫入長照 長者五禽戲做一周脫護腰,https://health.udn.com/health/story/6631/4679946,,,
家中長輩健康出現警訊？國際最新8項評估報您知，若有任1項異常需尋求醫師做進一步評估！,https://health.udn.com/health/story/6008/4648427,,,
記憶斷片檢查腦部萎縮近三分之一 老翁存「腦本」沒失智,https://health.udn.com/health/story/5965/4641191,,,
空氣污染會導致阿茲海默症？看看墨西哥城的悲劇,https://health.udn.com/health/story/5965/4628909,,,
長輩避疫不出門 認知功能恐變差,https://health.udn.com/health/story/120952/4531273,,,
愛吃這種口味的人小心！吃久了這二種功能會變差,https://health.udn.com/health/story/5965/4516526,,,
失智、憂鬱傻傻分不清楚？  這些警訊症狀要注意,https://health.udn.com/health/story/5964/4499600,,,
失智也有保險養護費？搞清長照險、失能險、特定傷病險差別大,https://health.udn.com/health/story/120703/4466283,,,
身體脂肪最多的器官竟是「大腦」！醫師教你吃8類食物防失智，阻毒素傷腦,https://health.udn.com/health/story/6037/4456209,,,
失智者的家 9個細節別忽略 光線、舊物不能少,https://health.udn.com/health/story/120705/4431553,,,
預存腦本第一步！「防失智」也要護眼保耳力,https://health.udn.com/health/story/120705/4412963,,,
「把記憶譜成曲！」聽首歌吧，大腦起舞緩失智,https://health.udn.com/health/story/120705/4388507,,,
醫病平台／談《病主法》：我們能對生命坦然到何種程度？,https://health.udn.com/health/story/6001/4387792,,,
幾歲算「年輕老」？想預防老年病症，要趁「年輕老」,https://health.udn.com/health/story/120705/4356014,,,
起床後腰痠背痛不只是姿勢問題…「睡眠缺氧」恐引發這二種病,https://health.udn.com/health/story/6008/4335673,,,
甄瑞興／別老問「你知道我是誰嗎」家有失智者，如何過好年？,https://health.udn.com/health/story/121923/4301399,,,
「睡眠障礙」可能是失智症的危險因子,https://health.udn.com/health/story/120705/4284915,,,
身體好壞怎麼判斷？專家教你這招檢測自己是否還健康,https://health.udn.com/health/story/6033/4272836,,,
2024失智永續論壇／王培寧：新藥治療18個月延緩退化5個月,https://health.udn.com/health/story/121922/8402879,,,
中年抗衰老10策略！早餐吃顆蛋、不要常和另一半吵架都有助提升記憶力！,https://health.udn.com/health/story/6039/8398392,,,
不良飲食與失智息息相關 研究揭每天吃一物可降12%患病風險,https://health.udn.com/health/story/10696/8365385,,,
元氣網照護百科AI討論區 24小時即時解惑照護大小事,https://health.udn.com/health/story/7732/7986469,,,
讓大腦變年輕 逆齡料理吃出記憶力,https://health.udn.com/health/story/122930/7977030,,,
老年人健腦宜多接觸音樂！研究：多唱歌、彈樂器可防失智,https://health.udn.com/health/story/10696/7815873,,,
研究指更年期女性「這時間」熱潮紅 罹患阿茲海默症風險較高,https://health.udn.com/health/story/5966/7478529,,,
腦中風引發失能危機不分族群「這」黃金治療期不可錯過,https://health.udn.com/health/story/5965/7310944,,,
4個跡象顯示你的大腦比你實際年齡還老！8招逆轉大腦老化,https://health.udn.com/health/story/6008/6985421,,,
養腦、補腦多吃這15種食材 營養師：多一動作更助增強記憶力,https://health.udn.com/health/story/6037/6669433,,,
腦部退化跟飲食有關？專家：地中海飲食、得舒飲食、麥得飲食，有益大腦健康,https://health.udn.com/health/story/5965/6575912,,,
資料量最大健康網站 元氣網全新改版4大特色,https://health.udn.com/health/story/5999/6502277,,,
吳佳璇／重建有意義的人際連結,https://health.udn.com/health/story/10844/6480822,,,
中年體能決定老年是否大腦健康？專家揭2者間關聯,https://health.udn.com/health/story/6033/6214649,,,
睡得好就能減少慢性發炎風險 醫揭為何睡眠對大腦健康如此重要,https://health.udn.com/health/story/5965/6074052,,,
有害物質40歲就開始累積 台大醫教777保健法延緩腦齡退化防失智,https://health.udn.com/health/story/5965/6063266,,,
促進大腦健康怎麼吃？4類食物助抗發炎、防腦老化,https://health.udn.com/health/story/5965/5941617,,,
健康長壽論壇／長輩和你想的不一樣 竟與陌生人最親密,https://health.udn.com/health/story/6631/5888032,,,
50歲後逐漸退化 營養師：7食材助大腦延緩衰老7.5年,https://health.udn.com/health/story/6037/5827467,,,
中年長期感到孤獨 患阿茲海默機率增加,https://health.udn.com/health/story/10695/5349334,,,
預防方法／68歲阿嬤戰勝失智，環遊世界！不想老了認知衰退，請改掉11個習慣,https://health.udn.com/health/story/10696/4131489,,,
預防失智症，從飲食著手！專家教你這樣吃效果好,https://health.udn.com/health/story/10696/4924687,,,
大腦健康／失智症不是退化，可預防！中西醫大推這3招，「醒腦」超有效,https://health.udn.com/health/story/10696/4897734,,,
大腦健康／研究：四成失智症 可以預防延緩,https://health.udn.com/health/story/10696/4835614,,,
預防方法／發炎失智大腦都是自己養出來的！日本醫學教授公開10大NG生活習慣，你中了幾個？,https://health.udn.com/health/story/10696/4615342,,,
失智風險與飲食相關 常吃這類食物的人是高危險群！,https://health.udn.com/health/story/10696/4549576,,,
預防方法／去咖啡廳你會點冷的還熱的？日本失智症名醫：5個導致失智的生活習慣，你也中了嗎？,https://health.udn.com/health/story/10696/4532085,,,
含酮飲食活化大腦 避免失智症產生,https://health.udn.com/health/story/10696/4439528,,,
財務問題／哥哥失智了，竟還有人去安養中心找他買房？律師2建議保財產,https://health.udn.com/health/story/10699/4806290,,,
2024失智永續論壇新診斷、新治療、新曙光 台灣邁入失智症照護元年,https://health.udn.com/health/story/121922/8408987,,,
預測80歲時失智的風險有多大 大型研究結果指出3件事最關鍵,https://health.udn.com/health/story/10696/8411401,,,
當年為平鑫濤插不插鼻胃管與繼子女鬧翻！作家瓊瑤淡水家中身亡 最後留書曝光,https://health.udn.com/health/story/5999/8403536,,,
2024失智永續論壇／失智防詐 提前辦監護宣告、金融註記,https://health.udn.com/health/story/121922/8402912,,,
2024失智永續論壇／陳筠靜：每一個家庭都應該提早準備,https://health.udn.com/health/story/121922/8402898,,,
2024失智永續論壇／曾清芳：我是失智症者也是照顧者,https://health.udn.com/health/story/121922/8402821,,,
2024失智永續論壇／失智友善領頭羊 嘉義縣提前達888目標,https://health.udn.com/health/story/121922/8402803,,,
2024失智永續論壇／新診斷新治療 2025將是失智症照護元年,https://health.udn.com/health/story/121922/8402766,,,
罕病權促會／陳柏同：照顧罕病是基本的人權,https://health.udn.com/health/story/122422/8391585,,,
【Podcast】Ep20.嘉義縣縣長翁章梁全力打造「在嘉安老」 創新失智照護體系引領全國,https://health.udn.com/health/story/123902/8331619,,,
車速太慢、熟悉處迷路……專家籲出現7警訊年長者該減少開車,https://health.udn.com/health/story/6631/8387533,,,
聽神經損傷無法靠手術、藥物恢復 只能藉助聽器或電子耳矯正,https://health.udn.com/health/story/5969/8378484,,,
老公為何聽不到我講話？50歲後聽力明顯退化 高頻接收能力最先下降,https://health.udn.com/health/story/5969/8378466,,,
良好的腸道有助健康老化 專家授5個應優先考慮的日常生活習慣,https://health.udn.com/health/story/5976/8372778,,,
總是忙到沒時間好好吃飯、睡覺？4個周末行動足以讓你平衡日常惡習,https://health.udn.com/health/story/6008/8362621,,,
【Podcast】Ep19.七十四歲兒子照顧九十六歲母親，推理小說家葉桑把失智母親當女兒寵愛,https://health.udn.com/health/story/123902/8362135,,,
體重減輕多少不正常？不明原因體重下降當心可能是這十種疾病！,https://health.udn.com/health/story/6008/8360038,,,
失智症者提前準備3帳戶 防詐騙3招守住財產,https://health.udn.com/health/story/5999/8355930,,,
【得獎名單】失智症認知與態度調查 你對失智症的認識有多少？,https://health.udn.com/health/story/8118/8330551,,,
75歲退休警官父突拒絕女兒一家來訪 她進屋驚見「滿地瓶裝水」原因超心酸,https://health.udn.com/health/story/10695/8341216,,,
2024退休力論壇／失智絕對能預防 最佳健腦法靠「玩遊戲」,https://health.udn.com/health/story/122928/8349055,,,
老年憂鬱6警訊 延誤治療易失智,https://health.udn.com/health/story/5964/8340231,,,
慢病主題館【體重減輕】「我沒減肥，但怎麼體重一直掉？」體重異常減輕要注意！,https://health.udn.com/health/story/124043/8338199,,,
貧血多吃含鐵食物能改善？「這類型」恐越補越糟！一表看貧血7類型＋4類補血食物,https://health.udn.com/health/story/6008/8330598,,,
慢性發炎檢測有用嗎？該不該定期進行發炎檢測？專家曝實情,https://health.udn.com/health/story/5959/8334749,,,
院長講堂／彭家勛行醫30多年 難忘病人手寫卡片,https://health.udn.com/health/story/122460/8332480,,,
【短影音徵件競賽】一起支援記憶！挑戰舞蹈贏萬元獎金,https://health.udn.com/health/story/7755/8320463,,,
吃太淡會胃食道逆流？油吃太少容易失智？專家破解日常飲食觀念,https://health.udn.com/health/story/6008/8320216,,,
嘉縣「鄉親鄉愛 厝邊憶起來」微電影  籲看問留撥失智友善作伙來,https://health.udn.com/health/story/121922/8313832,,,
【已額滿】2024國際失智論壇：日本齋藤正彥醫師、失智者及各領域專家分享真實經驗、最新趨勢！,https://health.udn.com/health/story/7755/8311165,,,
地方名人堂【花蓮縣】偏鄉資源少居家醫療卻冠全台 朱家祥：服務密碼在這裡,https://health.udn.com/health/story/124045/8310036,,,
【Podcast】Ep17.失智症者與照顧者的療癒課，用音樂譜出失智症家庭的溫柔篇章,https://health.udn.com/health/story/123902/8307815,,,
有助增強記憶力維持元氣好生活 中醫教你按壓4穴位、練八段錦,https://health.udn.com/health/story/6035/8306925,,,
高密度膽固醇HDL數值「過高」是好還壞？教授揭好膽固醇最該留意的重點,https://health.udn.com/health/story/5977/8294757,,,
每天睡8小時和走1萬步能長保健康嗎？哈佛教授破解養生七大謊言,https://health.udn.com/health/story/6008/8282717,,,
【得獎名單】失智症認知與態度調查：你對失智症的認識有多少？,https://health.udn.com/health/story/8118/8239867,,,
健保大數據／失智症治療特色院所,https://health.udn.com/health/story/10695/8256066,,,
失智防治對策／花蓮縣長照APP及時通報 失智量表族語也能通,https://health.udn.com/health/story/10695/8255898,,,
失智防治對策／台南市從公車到市場 6大場域友善失智者,https://health.udn.com/health/story/10695/8255907,,,
失智症藥物健保給付嗎？治療阿茲海默症主要藥物有哪些？,https://health.udn.com/health/story/10695/8255897,,,
森林療癒培養綠領人才！運用身體五感體驗自然，促進身心靈健康,https://health.udn.com/health/story/6033/8257072,,,
劉秀枝：終究一個人何不快樂獨老！有病治療無病健身，享受孤獨不寂寞,https://health.udn.com/health/story/122933/8256977,,,
走進山林  簡單易行的預防失智處方箋,https://health.udn.com/health/story/6033/8245649,,,
台灣失智症協會跨域討論失智照護 共創友善環境,https://health.udn.com/health/story/121920/8255939,,,
童年回憶大爆發！「嘉憶運動會」 長者超過70歲也能火力全開,https://health.udn.com/health/story/121934/8248375,,,
"新北市設3,000處守護站 打造失智友善城市",https://health.udn.com/health/story/121920/8247845,,,
地方名人堂【新北市】各區需求不同 陳潤秋：醫動養為主軸 政策因地制宜,https://health.udn.com/health/story/124044/8245985,,,
「國際失智症月」：長庚科大嘉義分部實施義竹鄉失智友善成果展,https://health.udn.com/health/story/121922/8245397,,,
預防是最好的治療！名醫揭失智症危險因子：中年就該開始努力,https://health.udn.com/health/story/7392/8240343,,,
響應國際失智症日 幸福臺北「憶起」編織失智照護網,https://health.udn.com/health/story/10691/8242627,,,
火燒厝，才知屋主獨居失智！缺乏社交導致失智風險大增，許多長者出事才被發現罹病,https://health.udn.com/health/story/120650/8241925,,,
獨居又無社交，大幅增加失智風險！全台盤點獨居戶，社福資源想找到邊緣人,https://health.udn.com/health/story/120650/8241898,,,
失智照顧減少「孤獨死」！日本監控水電、丹麥推協作住宅,https://health.udn.com/health/story/120650/8241842,,,
4個錯誤健康觀念 說明醫師的話不一定都是對的,https://health.udn.com/health/story/6008/8239397,,,
防老年憂鬱演變成失智症 醫建議2招健腦、增「快樂激素」,https://health.udn.com/health/story/5964/8230289,,,
健康吃素 可以預防失智,https://health.udn.com/health/story/6036/8226414,,,
失智症需要「連續性」照顧！政府補助當誘因，機構多收失智者,https://health.udn.com/health/story/120650/8228010,,,
失智照顧困境！75歲老人顧失智母，跌倒後同睡廁所,https://health.udn.com/health/story/120650/8227925,,,
65歲以上失智人口已破35萬人！失智者常對時序混亂，國內卻長期缺乏夜間照護服務,https://health.udn.com/health/story/120650/8227897,,,
老年憂鬱不及時治療恐變失智症！醫提醒適時補充這些營養素降憂鬱風險,https://health.udn.com/health/story/10696/8224194,,,
蒜頭殺菌又抗癌！變綠色、藍色...發芽還能吃嗎？教你4方法剝蒜不沾滿手蒜味,https://health.udn.com/health/story/6006/8210365,,,
【得獎名單】「我和專業照護人員成為家人的那件事」徵文活動,https://health.udn.com/health/story/8118/8140617,,,
瑞典長者照護納國家福利政策！鼓勵在地老化，失智者政府分階段照顧,https://health.udn.com/health/story/122931/8212590,,,
日本2025年75歲以上患失智症約700萬人！與失智症共生，日本「RUN伴」用社區力量守護,https://health.udn.com/health/story/122931/8212535,,,
照顧失智靠全村的力量！屏東屏安村用AI確保長輩安全，鼓勵長輩自由活動,https://health.udn.com/health/story/122931/8212519,,,
我便祕了嗎？幾天大一次便才正常？吃素能預防大腸癌？大腸直腸外科醫師傳授「這樣做」腸保健康,https://health.udn.com/health/story/5976/8075168,,,
「蔬菜之王」蘆筍！解毒防癌、改善三高、防便祕、延緩失智，2族群要當心別吃多,https://health.udn.com/health/story/6037/8182280,,,
不是吃愈多愈好！每天吃腰果的7好處與3壞處,https://health.udn.com/health/story/6037/8172772,,,
農曆七月出現幻覺、看到鬼？ 注意脫水造成「譫妄」，醫給照護4指引,https://health.udn.com/health/story/6631/8169644,,,
喝一口酒要多久才能開車？至少x小時！一喝酒臉紅要當心，易罹3種癌症,https://health.udn.com/health/story/5977/8016027,,,
找尋理想老後生活？「這概念」最重要！改裝老後居住空間，還能讓照顧者也減壓！,https://health.udn.com/health/story/122933/8153365,,,
不僅是簡單手作活動 園藝打開五感體驗讓失智、獨居者獲療癒,https://health.udn.com/health/story/122932/8147286,,,
反應慢誤認失智，竟是白內障惹的禍！初期白內障需要手術嗎？,https://health.udn.com/health/story/5970/8142163,,,
老後不煩人／醫師開班讓失智長輩走出來！林榮威：失去了就不要在乎，活在當下開心就好,https://health.udn.com/health/story/122931/8137303,,,
潘懷宗／研究指出：攝護腺肥大藥物竟能改善「神經退化疾病」,https://health.udn.com/health/story/7426/8135456,,,
「微笑樂智號」開跑 開箱認識失智症,https://health.udn.com/health/story/7755/8127621,,,
新研究揭身體2處脂肪越多 與失智症和巴金森氏症較高風險有關,https://health.udn.com/health/story/5965/8125993,,,
冷泡茶、熱泡茶，哪個咖啡因比較少？喝了不怕睡不著？營養師盤點喝茶6好處,https://health.udn.com/health/story/6037/8114009,,,
囤積症會變失智症？失智症一定會囤積嗎？照顧管家分享4原則應對長輩囤積行為,https://health.udn.com/health/story/6631/8101539,,,
楊志良／當前健康挑戰 不在癌症發生率,https://health.udn.com/health/story/7400/8110097,,,
家中長輩開始會說「別人卡好命」，可能是老年憂鬱！一張「老年憂鬱症量表」馬上測,https://health.udn.com/health/story/5964/8105393,,,
【得獎名單】我與臺北跨時光的回憶明信片活動大募集,https://health.udn.com/health/story/8118/8100236,,,
結合「藝術之旅 X紓壓陪伴X靈性照顧」的失智症照護講座，開放報名囉！！,https://health.udn.com/health/story/7755/8101595,,,
間歇性斷食和生酮也有機會降失智風險！醫揭「1因素」是關鍵,https://health.udn.com/health/story/6037/8092834,,,
永不放棄的照顧者！71歲古金順顧妻6年也失智，找社工交接：男性可能不夠細心，放下面子找資源協助,https://health.udn.com/health/story/122931/8092491,,,
外食、熬夜身體累積毒素！營養師分享6大解毒食物、4大排毒方法,https://health.udn.com/health/story/6037/8082698,,,
極端溫度加劇失智、中風惡化，研究說明夜間溫度為何關鍵！夜跑也要當心中暑,https://health.udn.com/health/story/6008/8081014,,,
早餐吃一塊紫地瓜、午餐加一盤地瓜葉…6大類食物有助身體排毒！,https://health.udn.com/health/story/6037/8068520,,,
醫認證「5個好習慣」延緩腦力退化、預防失智，聊天也有用！,https://health.udn.com/health/story/10696/8056320,,,
當醫師成了病患家屬／王麗月醫師揪心陪伴失智父，領悟「這件事」後更能體諒病人！,https://health.udn.com/health/story/6001/8062071,,,
當醫師成了病患家屬／陪失智母唱歌聊天 曹汶龍用正向的心接受母親返老還童過程,https://health.udn.com/health/story/6001/8059444,,,
不只是一種內心感受 哈佛研究稱長期孤獨可能會增加中風風險,https://health.udn.com/health/story/5964/8058562,,,
當醫師成了病患家屬／父母相繼病倒臥床 妻累出身心症候群！陳思銘：最怕長照成為輪迴,https://health.udn.com/health/story/6001/8054674,,,
【得獎名單公告】「失智・好好生活」講座：募集問卷,https://health.udn.com/health/story/8118/8008945,,,
當醫師成了病患家屬／照顧失智父母，更懂得為病患醫心！台大牙醫師李正喆鼓勵病患治療,https://health.udn.com/health/story/6001/8046994,,,
母親失智，我也會失智嗎？名醫劉秀枝詳解阿茲海默症致病基因類型有哪些,https://health.udn.com/health/story/7392/8031260,,,
每天刷牙幾次才正確？超過3次可能有害！正確刷牙方式及時間一次看,https://health.udn.com/health/story/5968/8028678,,,
3子女忙工作不顧失智母，父怒捐遺產不讓繼承！網友竟提：「xx」是父母留給子女最大的情勒,https://health.udn.com/health/story/10429/8025385,,,
【免費報名】「失智 好好生活」系列講座 其實我很在意—失智症照顧關係,https://health.udn.com/health/story/7755/8013397,,,
【得獎名單公告】2024全台失智症大調查：快檢視！你的生活型態離失智症有多近？,https://health.udn.com/health/story/8118/7920765,,,
長期失眠怎麼改善？ 臨床心理師：有4症狀當心睡眠呼吸中止症,https://health.udn.com/health/story/5964/8004881,,,
94歲阿嬤不想連累家人，差點想不開！精神科醫師用「這招」翻轉阿嬤心情,https://health.udn.com/health/story/5964/8002920,,,
防疫英雄藥師的日常／黃彥儒：家庭藥師都會持續守護民眾一家人的健康,https://health.udn.com/health/story/122460/7998526,,,
頻繁做惡夢 當心可能是「這些疾病」的前兆,https://health.udn.com/health/story/122943/7995045,,,
長庚科大嘉義護理系　義竹失智友善青銀共享多元活動,https://health.udn.com/health/story/8118/7991154,,,
111年國人健康餘命72.43歲「少活10.4個月」 醫揭原因籲做好3件事,https://health.udn.com/health/story/5999/7989356,,,
《這一次，換你來接力》ft.章新_Ep1/下集,https://health.udn.com/health/story/7755/7978941,,,
中年男大肚如懷胎，爬山休克竟是「心臟衰竭」！預防心衰要點報你知！,https://health.udn.com/health/story/5977/7979053,,,
母雞帶頭！彰化經驗躍全國 王惠美：負責鼓掌當啦啦隊,https://health.udn.com/health/story/122905/7956022,,,
換掉塑膠砧板、不沾鍋 科學家教你簡單7招避免吃進塑膠微粒,https://health.udn.com/health/story/6006/7955618,,,
院長talk／運動防失智症！鄒繼群重拾網球拍防肌少症，帶便當呷健康,https://health.udn.com/health/story/122460/7956755,,,
當耶穌遇見阿茲海默--失智家庭靈性照顧研習會,https://health.udn.com/health/story/7755/7953362,,,
精緻穀物、加工肉類及含糖飲料，哪個是你最需要避免的超加工食品？美國30年研究解答,https://health.udn.com/health/story/6037/7952592,,,
睡前吃魚油能幫助入眠？營養師認證5助眠食物，攝取魚肉效果一樣好,https://health.udn.com/health/story/6037/7951100,,,
生病長輩該由媳婦還女兒照顧？網一面倒認為不該是「XX」責任：若不想顧就勿說閒話,https://health.udn.com/health/story/6631/7922540,,,
有子宮肌瘤可以喝咖啡或豆漿嗎？肌瘤多大需要手術？子宮肌瘤QA一次看,https://health.udn.com/health/story/6019/7894005,,,
咖啡護心血管、防失智！選淺焙還深焙好？營養師推薦「選這種」減少吃進梅納反應產物,https://health.udn.com/health/story/6037/7909284,,,
失智者的實用精油應用-治療師愛用的精油配方DIY教學,https://health.udn.com/health/story/7755/7905131,,,
「山豬」38歲英年早逝令人唏噓！醫列5大短命因素，久坐、熬夜追劇都是危險生活習慣,https://health.udn.com/health/story/6008/7904768,,,
突然大量喝水、多尿...貓咪「腎衰竭」會好嗎？腎貓症狀、飲食建議一次看,https://health.udn.com/health/story/123122/7901593,,,
2024癌症論壇／癌症新趨勢：不抽菸肺癌是世界五大癌症死因、50歲以下台灣大腸癌增加幅度亞太第一！聽專家解析原因與如何預防？,https://health.udn.com/health/story/122421/7898023,,,
醫病平台／活出淋灕盡致的退休後人生,https://health.udn.com/health/story/6001/7894583,,,
春季盛產的紫色桑葚營養價值有哪些？吃多竟會影響「這兩種營養素」的吸收！,https://health.udn.com/health/story/6037/7885003,,,
醫病平台／氣功養生——預防失能與失智,https://health.udn.com/health/story/6001/7883504,,,
4月1日健保調整藥價後，對民眾的衝擊有哪些？如何因應這波換藥潮？,https://health.udn.com/health/story/122462/7879639,,,
醫病平台／么妹,https://health.udn.com/health/story/6001/7879339,,,
你需要多少維他命D才能保持健康？多數人攝取足夠還是不足？,https://health.udn.com/health/story/6034/7874152,,,
醫病平台／骨折之後,https://health.udn.com/health/story/6001/7874730,,,
如何不讓自己老太快？研究指改善「這件事」，能讓你年輕至少5歲！,https://health.udn.com/health/story/6039/7871918,,,
醫病平台／角色易位的體驗——由醫師身份轉變為病人家屬,https://health.udn.com/health/story/6001/7869617,,,
年紀大肌力就退化？營養師：40歲一定要注意！吃OO提升你的行動和思緒,https://health.udn.com/health/story/6034/7862634,,,
高齡駕駛車禍頻傳 該要求年長者不要開車及回收駕照嗎？,https://health.udn.com/health/story/6631/7863057,,,
少數不需使用農藥的蔬菜！天氣漸熱食欲差，2種涼拌菜吃了不發胖,https://health.udn.com/health/story/6036/7864247,,,
她喪子差點壓力過大心碎致死 心碎症候群背後藏「身心議題」,https://health.udn.com/health/story/5999/7843078,,,
失智好好生活系列講座：樂來樂靠近—失智症音樂療癒,https://health.udn.com/health/story/8118/7843140,,,
刷錯牙更容易蛀牙！醫師盤點國人常見錯誤刷牙方式 ，「1動作」最關鍵,https://health.udn.com/health/story/5968/7844526,,,
晚餐應該豐盛吃還是簡單吃？醫師公布他的晚餐內容：吃這些有益心臟健康,https://health.udn.com/health/story/6037/7837937,,,
咖哩健康嗎？熱量高不高？有什麼營養？什麼人比較不適合吃？,https://health.udn.com/health/story/6037/7833530,,,
有一種愛是放手！讓家人「斷食善終」，漸進式斷食在21天後滿足的安詳往生,https://health.udn.com/health/story/6005/7827622,,,
斷食善終和安寧療護有何不同？醫曝最大差異是這點,https://health.udn.com/health/story/6005/7824939,,,
病主法2019年上路至今 預立醫療決定不到1%,https://health.udn.com/health/story/6005/7821452,,,
替照顧壓力解套？「斷食善終」掀越界爭議 倡議者畢柳鶯有話要說,https://health.udn.com/health/story/6005/7821444,,,
生醫獨角獸／解開「漸凍症」面紗 中研院團隊研發抗體 攻克治療瓶頸,https://health.udn.com/health/story/124046/7822324,,,
最強「長壽穴」，每天按摩3次養生祛病！中醫師教居家操作 吹風機溫熱穴位有同效,https://health.udn.com/health/story/6035/7818337,,,
國外研究：使用漱口水可能可以改善糖尿病患者「1指數」,https://health.udn.com/health/story/5974/7810295,,,
睡覺打呼是健康警訊！醫曝2特徵：「這類人」中風機率飆4倍,https://health.udn.com/health/story/5978/7810414,,,
有房就不怕沒錢養老？一實例看如何不讓自己落入窮得只剩房子的窘境,https://health.udn.com/health/story/122929/7802951,,,
沒刻意減體重卻往下掉？名醫提醒別輕忽：這件事才是健康象徵,https://health.udn.com/health/story/7392/7802473,,,
手機濕掉怎麼辦？專家警示千萬別放進乾米堆！急救5步驟一次看,https://health.udn.com/health/story/6006/7797232,,,
院長Talk／黑咖啡防癌防失智症！黃元德早餐喝黑咖啡，餐餐有蔬菜養生,https://health.udn.com/health/story/122460/7788754,,,
夜尿影響長輩睡眠 常見3大原因！夜尿如何治療？,https://health.udn.com/health/story/5975/7781817,,,
夜尿會增加死亡率跟骨折機率！醫指成因3種，「做好3件事」改善夜尿問題,https://health.udn.com/health/story/5975/7774756,,,
除了降低心臟病、失智症風險！Omega-3有益心血管也能降低聽損？研究曝關鍵原因,https://health.udn.com/health/story/6008/7772428,,,
過年報復性熬夜，作息打亂恐成失眠一族！治療師授「做好6件事」助一夜好眠,https://health.udn.com/health/story/5964/7759076,,,
多走路能降低晚年罹失智風險！銀髮族每日「333練足功」，優質晚年生活靠腳勤,https://health.udn.com/health/story/6039/7759045,,,
保持腸道健康5原則 頂尖營養專家每周吃30種蔬果,https://health.udn.com/health/story/6037/7747256,,,
林依瑩：讓大家喜歡老 才是長壽社會的終極目標,https://health.udn.com/health/story/6631/7738673,,,
吃全穀類食物能減緩認知衰退？ 外國研究：這種族獲得改善較顯著,https://health.udn.com/health/story/6037/7702012,,,
院長講堂／清晨4點半起床，天天健走與超慢跑！陳良娟：健康是需要努力的，要去享受努力過程,https://health.udn.com/health/story/122460/7736860,,,
近五成年長者患「低膽固醇血症」 大幅增失智風險,https://health.udn.com/health/story/5999/7727770,,,
家族長輩有失智症，新年祈願預存腦力及肌力，分享自身的「養力計畫」！,https://health.udn.com/health/story/9559/7733585,,,
導致銀髮族失眠的原因有哪些？何時該就醫治療？醫師分享「168口訣」助好眠！,https://health.udn.com/health/story/5964/7731438,,,
如何當個自在有趣的老人？做好8項自我調適準備讓你快樂獨老,https://health.udn.com/health/story/122933/7704271,,,
醫病平台／長照服務在身邊,https://health.udn.com/health/story/6001/7703463,,,
醫病平台／長期照顧十年計畫2.0政策,https://health.udn.com/health/story/6001/7692735,,,
失智失蹤2／沒料到失智者會走失 家屬缺乏預防識能,https://health.udn.com/health/story/122905/7690838,,,
失智失蹤1／通報數年增6% 失智協會盼跨部會設通報平台,https://health.udn.com/health/story/122905/7690839,,,
失智失蹤3／失智者走失後...家屬須被關懷 照顧者易陷自責,https://health.udn.com/health/story/122905/7690840,,,
正面看待長輩圖！ 「經常性社交清單」有助排解老年孤獨、降低憂鬱症風險！,https://health.udn.com/health/story/5964/7685947,,,
健保大數據／憂鬱症治療特色院所,https://health.udn.com/health/story/5964/7674148,,,
預防失智！每天吃草莓有助降低失智症風險  外國研究：與這成分有關,https://health.udn.com/health/story/6037/7667174,,,
成分皆為腸泌素…瘦瘦筆、降糖尿病藥差別在哪？ 醫師：後者為救命藥,https://health.udn.com/health/story/5974/7634253,,,
常被靜電電到是身體缺氧？教授告訴你靜電產生原因及避免方式,https://health.udn.com/health/story/6008/7632169,,,
平時血壓正常但偶爾升高是什麼原因？在家血壓異常升高該馬上就醫嗎？,https://health.udn.com/health/story/5977/7627640,,,
院長講堂／醫院院長有可能「非醫師」嗎？看修女院長陳美惠如何推動山區醫療，每天靠「這習慣」養身！,https://health.udn.com/health/story/122460/7628795,,,
新書上市／《解鎖失智密碼》天主教失智老人基金會25年照護經驗一次傳授,https://health.udn.com/health/story/7755/7621547,,,
不只有黴漿菌   65歲、慢病高風險族群更需要注意「這個」疾病,https://health.udn.com/health/story/122416/7617624,,,
2023退休力論壇／劉秀枝：老後孤獨的焦慮感，把握「3重點」可消除！面對人生不如意，2妙方成為自己的安慰劑！,https://health.udn.com/health/story/122933/7614334,,,
2023退休力論壇／關渡醫院院長陳亮恭：藉由「數據驅動、數據演算」 打造精準健康服務,https://health.udn.com/health/story/122930/7614320,,,
機器人陪長輩解悶 關渡醫院護理之家引進科技獲SNQ銅獎,https://health.udn.com/health/story/122930/7608289,,,
不用再糾結「日行萬步」！外科名醫破迷思 走路只要「2技巧」就能達到運動效果,https://health.udn.com/health/story/6033/7601574,,,
地方名人堂【台中市】代謝症候群收案率全台第一 曾梓展：盼中央提高民眾參與各項篩檢誘因,https://health.udn.com/health/story/124045/7593705,,,
靜脈注射維他命C有沒有必要？教授揭其真正及最大的危害為何,https://health.udn.com/health/story/6034/7590519,,,
人死前會不會有預兆？送走2千名末期病患 安寧醫師透露臨終一跡象及最遺憾的事,https://health.udn.com/health/story/6005/7588948,,,
糖尿病前期應該服用二甲雙胍嗎？教授告訴你真正「第一線用藥」,https://health.udn.com/health/story/5974/7586240,,,
幸福長照in台中 台中市「長照界奧斯卡」 表揚居家照護的神隊友,https://health.udn.com/health/story/8118/7585834,,,
院長講堂／林欣榮工作繁忙，曾開刀連續站38個小時！每天跑操場多吃蔬食養生,https://health.udn.com/health/story/122460/7566460,,,
【免費講座】失智症、心理創傷　早期感知、預防、治療與陪伴,https://health.udn.com/health/story/8118/7563362,,,
洪惠風／膽固醇過低引起失智？還是失智引起膽固醇過低？,https://health.udn.com/health/story/11618/7549426,,,
久坐恐增死亡及失智風險！英國研究：每天多運動10分鐘，死亡風險降低15%,https://health.udn.com/health/story/6039/7544662,,,
免費報名！2023國際失智論壇：教你確診失智後快速應變法,https://health.udn.com/health/story/7755/7539567,,,
憂鬱、失眠、自行停藥 巴金森病困擾多 新書《巴金森病88問》助全台巴友家庭,https://health.udn.com/health/story/122253/7543052,,,
白頭髮可以拔嗎？怎樣才能變回黑髮？中西醫教你正確的白頭髮預防之道,https://health.udn.com/health/story/5971/7533331,,,
久坐就是傷身，以站代坐也沒用！研究建議每天花22分鐘，做「這些活動」抵消久坐死亡風險,https://health.udn.com/health/story/6008/7539157,,,
2023國際失智照護論壇　教你快速應變方法,https://health.udn.com/health/story/8118/7538719,,,
名人養生／如同治理公司，退休生活也有計畫且規律的執行！5個堅持讓92歲張忠謀容光煥發,https://health.udn.com/health/story/6039/6549426,,,
居家照顧中最需費心費力的對象是誰？照服員的答案竟不是臥床病患,https://health.udn.com/health/story/11649/7524447,,,
失智症其實也可以很可愛　《邀阿公阿嬤拍B級殭屍片》扭轉刻板印象,https://health.udn.com/health/story/8118/7518841,,,
第33屆醫奉獎／謝宏榮也曾計畫移民！對「庄腳」生老病死感觸深，讓他放不下第二故鄉七股,https://health.udn.com/health/story/6001/7502757,,,
3族群申請外籍看護免評 明上路,https://health.udn.com/health/story/122905/7504123,,,
吳佳璇／退休的日子 就是一個人的生命旅行,https://health.udn.com/health/story/10844/7487446,,,
面對百歲人生 超高齡社會新解方,https://health.udn.com/health/story/5999/7487454,,,
【得獎名單公告】失智者食、衣、住、行場域經驗大調查,https://health.udn.com/health/story/8118/7482817,,,
寧得癌症也不願是阿茲海默症？權威醫授預防失智症簡易3處方,https://health.udn.com/health/story/7392/7471333,,,
《失智照護免費線上課程》溫馨陪伴失智長者　建立愛的連結,https://health.udn.com/health/story/8118/7471009,,,
「如何面對100歲的人生？」 超高齡社會跨世代需求痛點調查發布　南山人壽提出三大因應對策,https://health.udn.com/health/story/8118/7470658,,,
將傷害降至最低！營養師教你健康的選肉、烤肉醬與烤肉方式,https://health.udn.com/health/story/11189/7467809,,,
圖／年輕型失智症增 平均1.5年才確診／失智友善3,https://health.udn.com/health/story/122905/7443223,,,
圖／失智走失率增 3不6要防失智走失 義消空拍增協尋率 民眾／失智友善2,https://health.udn.com/health/story/122905/7451159,,,
失智友善777全台達標 專家詬病：恐浮濫統計／失智友善1,https://health.udn.com/health/story/122905/7451153,,,
地方名人堂【台北市】衛教篩檢到你家 陳彥元：將持續擴大疫苗補助,https://health.udn.com/health/story/124045/7450197,,,
爸爸過世後，媽媽變得很奇怪！是老年憂鬱症？還是失智？,https://health.udn.com/health/story/5964/7459197,,,
每年有千位65歲以上輕生！老年憂鬱症就醫率低，常誤解為老化、失智、防衛心重,https://health.udn.com/health/story/5964/7459193,,,
每天吃堅果可降低憂鬱症風險？堅果5大好處1次盤點,https://health.udn.com/health/story/6037/7458514,,,
94歲阿嬤圓夢成高齡網紅　拍殭屍片打破失智刻板印象,https://health.udn.com/health/story/7755/7447263,,,
為何不喜歡讀小說、無法遵循烹飪步驟是失智警訊？專家這麼說,https://health.udn.com/health/story/5965/7445209,,,
近3/4高血壓患者死於心臟併發症，高血壓與心律不整、心臟衰竭、心肌梗塞和主動脈剝離等疾病密切有關！,https://health.udn.com/health/story/5977/7434778,,,
美研究指一項好習慣有助延緩衰老 中風、失智罹患風險降,https://health.udn.com/health/story/6039/7425882,,,
喝咖啡會導致心悸嗎？專家曝真相！教你「3招喝咖啡」更長壽,https://health.udn.com/health/story/6037/7426036,,,
長期吃素竟失智！原來是缺乏維生素B12，多吃這類食物可補足,https://health.udn.com/health/story/6037/7423502,,,
【線上課程】幫助失智長輩體驗五感　文旦寶寶DIY增強認知,https://health.udn.com/health/story/8118/7423356,,,
老盟「戴上希望‧找到你」嘉年華　愛的手鍊幫八千失蹤長者回家,https://health.udn.com/health/story/8118/7420803,,,
這3類申請外籍看護有望免評估 家總憂人力仍缺乏／長照看護2,https://health.udn.com/health/story/122905/7415496,,,
侯友宜拋「80歲就廢巴氏量表」4項主張VS衛福部：無失能不補助／長照看護1,https://health.udn.com/health/story/122905/7415372,,,
開刀失能 8旬嬤嘆「不想讓人知道」斷社交／送餐人生4,https://health.udn.com/health/story/122905/7397120,,,
唯一可說話對象 送餐員見一面成獨居救命繩／送餐人生1,https://health.udn.com/health/story/122905/7397116,,,
【失智專線】全方位支援失智症照顧，歡迎隨時撥打諮詢！,https://health.udn.com/health/story/7755/7404796,,,
吳佳璇／在不得已的病況中 看到另一種生命的體會與思考,https://health.udn.com/health/story/10844/7376983,,,
為何缺牙和失智症關係密切？牙齒不滿20顆且未裝假牙需留意！,https://health.udn.com/health/story/123287/7363060,,,
長輩失智可「安養信託」嗎？收費會貴？8QA一次了解，門檻低非有錢人專利,https://health.udn.com/health/story/122929/7364498,,,
林志玲48歲像20歲的凍齡秘密！營養師曝志玲姊姊「9個抗老保養好習慣」,https://health.udn.com/health/story/6039/6681153,,,
安寧醫療1／ 非癌患者占三成 「這疾病」最多,https://health.udn.com/health/story/122920/7329186,,,
遠離老化和遺傳的危險因子 最新研究揭避免失智最重要2方式,https://health.udn.com/health/story/10696/7351671,,,
健保大數據／高階影像檢查特色院所,https://health.udn.com/health/story/5959/7332268,,,
「家產都分了還吵不停！」富爸怒撤銷贈與，竟被兒告上法庭…會計師：財富傳承優先考慮2件事,https://health.udn.com/health/story/122929/7325388,,,
這裡痛那裡痛、愛翻舊帳…被老化掩蓋的老年憂鬱症不易察覺 心理師給實用3建議,https://health.udn.com/health/story/5964/7320709,,,
台北榮總宣布新任副院長 頭痛守護者的「他」實至名歸,https://health.udn.com/health/story/122920/7310260,,,
失智家庭多老老照顧 失智資源應擴及社區／失智調查3,https://health.udn.com/health/story/122905/7303417,,,
失智專責型機構少 資源應重新盤點檢視／失智調查2,https://health.udn.com/health/story/122905/7303415,,,
國衛院最新調查：65歲以上失智盛行率約8%／失智調查1,https://health.udn.com/health/story/122905/7303410,,,
為何肌力訓練和健康長壽息息相關？專家曝能預防常見3種疾病,https://health.udn.com/health/story/6033/7311369,,,
出門沒鎖、買菜迷路，竟是「水腦症」引起的失智症狀！典型3症狀別輕忽,https://health.udn.com/health/story/5965/7307466,,,
老化等同退化？5種常被誤認為老化的症狀其實是生病早期表現,https://health.udn.com/health/story/11649/7306403,,,
長照財務挑戰？家總：東南亞經濟起飛 外籍看護恐變貴,https://health.udn.com/health/story/122905/7283182,,,
自己的醫療自主權自己掌握！「病人自主權利法」跟放棄急救有什麼不一樣？,https://health.udn.com/health/story/6005/7280156,,,
嚴重聽損會增加5倍失智風險，台大醫教你如何保護聽力，遠離「聽力殺手」,https://health.udn.com/health/story/5969/7277634,,,
6大傷腦食物要少吃！營養師教麥得飲食這樣吃，腦袋更清晰,https://health.udn.com/health/story/6037/7245265,,,
吃安眠藥會失智嗎？每日睡少於7小時反加速大腦老化！5招減少睡眠障礙,https://health.udn.com/health/story/6012/7258215,,,
一個人的旅行／出遊遇混亂！紀金山重新探索自己 「原來我還會這個」,https://health.udn.com/health/story/122933/7255820,,,
高齡長輩可以吃粽子嗎？營養師授「6原則」健康安心過端午,https://health.udn.com/health/story/6037/7247344,,,
看過不少職場強人退休後鬱鬱寡歡，他花10年協助老母退休！成功老化不是理所當然「最好50歲開始準備」,https://health.udn.com/health/story/122933/7245953,,,
洗腎其實沒那麼恐怖！一次了解洗腎照護最常問的四個疑問,https://health.udn.com/health/story/5975/7237546,,,
IAGG預測AI將串起高齡美好生活  華碩iHARP、桂冠、元氣網共同推個人精準健康,https://health.udn.com/health/story/122905/7230468,,,
與老化奮戰最後機會！專家：70歲養成的習慣將解救以後的人生,https://health.udn.com/health/story/6039/7224441,,,
全台203家加入 健康醫院提供衛教 幫病患延壽,https://health.udn.com/health/story/122418/7222872,,,
「健康小測驗」快速評估你的健康狀況 幫助解決各種健康困擾,https://health.udn.com/health/story/123539/7203152,,,
三花棉業創辦人施純鎰病逝／持續運動、學習不輟 施純鎰靠 「5位女友」讓他年輕,https://health.udn.com/health/story/6039/1878069,,,
錯把孫媳婦當情人、將影子看成蛇釀火災！「譫妄症」大腦需重新開機，與1疾病關係密切,https://health.udn.com/health/story/5964/7206137,,,
精彩回顧 ／你居住的城市失智友善嗎？失智症識能與友善環境滿意度大調查,https://health.udn.com/health/story/8118/7193060,,,
當年自私留住病母，求醫插管延命「酷刑3年」！利菁常在夢中自責哭醒：願用來生補償,https://health.udn.com/health/story/6005/7190261,,,
「質子治療之父」洪志宏63歲庫賈氏症病逝！庫賈氏症是什麼病？,https://health.udn.com/health/story/5999/7180799,,,
吃紅肉真的比較不好？每天需要睡足8小時？5大健康信念背後的真相,https://health.udn.com/health/story/6008/7173995,,,
爭鮮90歲「阿嬤級員工」身手超矯健！沒三高、早上還賣菜…讓年輕人驚到下巴差點掉下來,https://health.udn.com/health/story/6039/7165627,,,
揭密「睡覺說夢話5大原因」小心是帕金森氏症、失智症初期徵兆！這樣做停止說夢話,https://health.udn.com/health/story/6008/7161328,,,
白內障視茫茫 不只影響視力也有礙社交、心理健康,https://health.udn.com/health/story/5970/7161150,,,
量表廢不廢／開巴氏量表醫師兩難 濫開被告、不開被打,https://health.udn.com/health/story/122905/7163668,,,
為何我的家人無法申請巴氏量表？一文搞懂巴氏量表評估項目和詳細申請流程,https://health.udn.com/health/story/6631/7157431,,,
10分之1長者有「這問題」，嚴重會引起吸入性肺炎！照護與治療重點報你知！,https://health.udn.com/health/story/5969/7156184,,,
有助減輕失智症引發的記憶衰退 最新研究曝睡眠這環節很重要,https://health.udn.com/health/story/5965/7150507,,,
癲癇兒沒去過動物園…北榮「Oba」陪走最後一哩路 母了心願放手拔管！,https://health.udn.com/health/story/6005/7144098,,,
GABA補充劑能助眠、抗焦慮嗎，有沒有副作用？研究這麼說,https://health.udn.com/health/story/6034/7124334,,,
罹患糖尿病一定會產生併發症嗎？醫盤點糖尿病可能造成的影響,https://health.udn.com/health/story/5974/7118443,,,
大蒜對健康有8大益處！生吃能獲取最多營養素，但3種人不行,https://health.udn.com/health/story/6037/7114180,,,
退休後如何不成為另一半及家人累贅？楊聰財：備好「4老」,https://health.udn.com/health/story/122933/7111564,,,
減少糖尿病、心血管疾病風險 地中海飲食5大好處一次看,https://health.udn.com/health/story/11649/7101187,,,
全台8萬人受「巴金森氏症」所苦！手抖易跌4警訊症狀 低能量光照有望突破治療困境,https://health.udn.com/health/story/5965/7090797,,,
有助預防失智症、延緩記憶力衰退 研究建議中年人每周吃一份這類魚,https://health.udn.com/health/story/6037/7082680,,,
研究指高鎂攝取降失智症風險！預防失智遠離6大危險因子、多吃「這些」高含鎂食物,https://health.udn.com/health/story/5965/7080224,,,
吃東西常嗆到，喝水、吞口水都沒有用！耳鼻喉醫師警告：恐是1疾病前兆,https://health.udn.com/health/story/5969/7070279,,,
睡不好代謝差又升血糖 營養師教補充4種營養從吃對抗失眠問題,https://health.udn.com/health/story/6037/7058228,,,
普發6000元來了 怎麼領？怎麼花？「這用途」舒緩壓力,https://health.udn.com/health/story/5999/7046882,,,
輕症免隔離新制／成人7症狀、兒童6症狀應警覺 這些對象適用口服抗病毒藥,https://health.udn.com/health/story/120952/7033210,,,
以物理調節救失智：重複性經顱磁刺激 讓大腦電流不斷線,https://health.udn.com/health/story/5965/7027006,,,
研究證實地中海和麥得飲食可讓大腦較年輕 尤其二類食物最給力,https://health.udn.com/health/story/6008/7022635,,,
愛笑能治病！ 醫師力推「愛笑瑜伽」 有助延緩失智、抗老及憂鬱,https://health.udn.com/health/story/6008/7023424,,,
2023超級食物出爐！今年沒有「浮萍」，但眾人熱愛的這2物入榜,https://health.udn.com/health/story/6037/6984680,,,
蘇益仁／預防阿茲海默症的國家政策,https://health.udn.com/health/story/7421/7018567,,,
藥效變短、憂鬱又失眠，有解嗎？巴金森病治療問題全攻略,https://health.udn.com/health/story/122253/7016595,,,
「類天疱瘡」會讓你痛到哭！搔癢、紅疹治不好要警覺,https://health.udn.com/health/story/5963/7016089,,,
頻照鏡子檢查外表…口罩令鬆綁，「容貌焦慮」上身,https://health.udn.com/health/story/5964/7012608,,,
便秘就吃瀉藥，罹患失智症風險大增！專家曝愛吃這類食物腸道壞菌生，6招護腸道,https://health.udn.com/health/story/6008/7000879,,,
吞藥卡喉嚨、進食頻嗆咳是吞嚥障礙嗎？專家教觀察喉頭判斷,https://health.udn.com/health/story/6631/6996969,,,
照顧者資源看這邊！教你申請「到宅照顧技巧指導」及「轉介個別心理輔導、諮商服務」,https://health.udn.com/health/story/6631/6994751,,,
年輕照顧者的悲歌！夢想因照顧重擔被打斷  年輕人做出犧牲是必要之責嗎？,https://health.udn.com/health/story/6631/6979944,,,
喝酒易醉、臉紅竟是這體質？別練易罹癌！各種酒這樣喝更健康,https://health.udn.com/health/story/6011/6941530,,,
水果何時吃最好？減肥時可以吃嗎？營養師破解吃水果迷思,https://health.udn.com/health/story/6037/6927311,,,
冬天總被靜電狂電，可能是缺氧警訊！醫警告你可能已太勞累，2面向預防,https://health.udn.com/health/story/6008/6922764,,,
投票｜糖尿病患共通症狀不是糖尿！醫籲正名去歧視、鼓勵就醫,https://health.udn.com/health/story/122418/6914116,,,
理科太太效應2／長者諮商情緒問題 3大因素影響巨大,https://health.udn.com/health/story/5964/6911484,,,
母全癱、妹中風、女血癌…楊月娥陪伴10年不逃跑：領受「命運的禮物」，學會和解,https://health.udn.com/health/story/10429/6897620,,,
吃紅肉不好？吃魚最健康？8大健康原則真相探究，有些你不必照單全收,https://health.udn.com/health/story/6008/6902608,,,
權威期刊研究發現：一項簡單的好習慣會讓你更健康地變老,https://health.udn.com/health/story/6008/6897107,,,
新年連假常熬夜傷身 中醫供四茶飲及三穴位按摩助眠,https://health.udn.com/health/story/6035/6897146,,,
1年治療費用約2.65萬美元 教授解析FDA批准阿茲海默新藥詳情,https://health.udn.com/health/story/10696/6895013,,,
台中惡火1家5死 疑似屋主譫妄放火！譫妄症是怎麼回事，有哪些病況？,https://health.udn.com/health/story/5999/6893214,,,
變胖、變老、變遲鈍…實證吃超加工食物一個月後有更多驚人發現,https://health.udn.com/health/story/6037/6891556,,,
名醫與疾病的對話／偏頭痛不敢吃止痛藥，痛到三天無法下床！改變用藥觀念、避開易誘發東西,https://health.udn.com/health/story/6001/6890291,,,
88歲阿公體重及食慾嚴重下降 成大醫師評估缺「鋅」,https://health.udn.com/health/story/6008/6870876,,,
不只人類！研究發現鯨豚也會罹患「阿茲海默症」 擱淺就是失智症狀之一,https://health.udn.com/health/story/5999/6866728,,,
讓大腦慢一點老！營養師揭「日常6關鍵」 提早開始做有助延緩失智,https://health.udn.com/health/story/5965/6799523,,,
血液循環不佳易手腳冰冷、疲倦 長期未改善當心引發心梗,https://health.udn.com/health/story/6035/6851310,,,
「你記得晚餐吃什麼嗎？」面對失智者別說這些話！資深護理師教你有效溝通5訣竅,https://health.udn.com/health/story/10697/6834766,,,
李偉文／幸福來自主動選擇與釀造美好的回憶,https://health.udn.com/health/story/7401/6810342,,,
36歲三年心肌梗塞2次！醫：降壞膽固醇防心梗，降1單位少22%風險,https://health.udn.com/health/story/5977/6789586,,,
塗抹就可治百病的台灣之光？教授告訴你實際研究數據真相,https://health.udn.com/health/story/6008/6788790,,,
醫病平台／探討「病人的母語」在醫學教育與醫療照護的重要性,https://health.udn.com/health/story/6001/6786533,,,
「雷神索爾」克里斯發現有阿茲海默症基因暫息影！一旦罹患無法根治，6方法預防勝於治療,https://health.udn.com/health/story/5999/6786182,,,
罹帕金森氏症多年，「抗議天王」柯賜海心因性休克亡！帕金森典型、非典型症狀不同，一習慣助預防,https://health.udn.com/health/story/5999/6780654,,,
巴金森病友吞嚥障礙？及早訓練延緩惡化，讓吞嚥不卡卡,https://health.udn.com/health/story/122253/6776517,,,
「咀嚼口香糖」竟能沖走腦中垃圾、助減肥！日本失智症權威：咀嚼8大好處，一天嚼●次提升免疫力,https://health.udn.com/health/story/6008/6756891,,,
兩天一小吵三天一大吵，結婚一輩子還有愛嗎？奶奶哽咽的一決定讓人瞬間懂了,https://health.udn.com/health/story/6055/6772651,,,
父罹思覺失調母失智，張曼娟「無力感像沙漏接不住」！獨力照顧7年才懂一簡單道理,https://health.udn.com/health/story/10429/6750988,,,
他看過9萬人腸鏡，發現這種腸道「最漂亮」！腸道健康、預防失智都靠這習慣,https://health.udn.com/health/story/6033/6744877,,,
他63歲，身體年齡僅46歲！不老秘訣曝光：走路、爬樓梯…日常做得到的事就是很好的活動,https://health.udn.com/health/story/6039/6734205,,,
專題｜糖胖症襲台！ 拼WHA二〇三〇糖尿病目標 賴清德籲整合各界資源,https://health.udn.com/health/story/122418/6726465,,,
囤積回收垃圾、吃剩菜剩飯造成家人鄰居困擾，是生病嗎？醫師與整理師授4種解方,https://health.udn.com/health/story/5964/6721725,,,
養兒子老比較快！ 研究指出：兒子養久父母智力下降,https://health.udn.com/health/story/6054/6716360,,,
女性停經多在45至52歲！3招改善熱潮紅、心悸、失眠...更年期身體不適,https://health.udn.com/health/story/5966/6718584,,,
改善長輩聽力，不再問「有聽沒有到」  若長輩出現這些聽力警訊要當心！,https://health.udn.com/health/story/5969/6706300,,,
元大創辦人馬志玲失智十多年辭世 女兒馬維欣授照顧3心法：苦撐是不切實際的,https://health.udn.com/health/story/5999/6698253,,,
失智症可控因素「聽損」佔近一成 專家籲電子耳補助空間仍大,https://health.udn.com/health/story/5969/6695756,,,
88歲失智父近期被發現肺癌末期！子不捨想送安寧醫療讓他尊嚴善終，卻被長輩罵是讓安樂死,https://health.udn.com/health/story/6005/6688004,,,
獨子繼承家業卻早逝，單親媽控媳斷往來！律師揭傳承迷思：「這樣做」保障財產,https://health.udn.com/health/story/6055/6683769,,,
睡前做高強度運動會早死、失智？教授教如何確保深度睡眠方法,https://health.udn.com/health/story/5964/6660089,,,
護心、記憶之果「蘋果」！一天一顆助防心血管疾病、癌症，連皮一起吃更營養,https://health.udn.com/health/story/6037/6654460,,,
父曾是台大教授，失智後拾荒！吳佳璇照顧10年不比一般家屬從容：善終是挑戰，身為醫者也沒有答案,https://health.udn.com/health/story/10429/6644214,,,
腦中風就醫率50歲後呈倍數成長 專家分析關鍵原因：不改善會愈來愈嚴重,https://health.udn.com/health/story/5965/6635872,,,
別再說沒時間，每天15分鐘就有成效！這類運動最能預防憂鬱及失智,https://health.udn.com/health/story/6033/6632742,,,
胖這裡中風、癌症威脅增 一張圖看懂脂肪囤積部位健康風險,https://health.udn.com/health/story/6032/6617344,,,
打造高齡宅 獨老、雙老人際不斷鏈,https://health.udn.com/health/story/122930/6620639,,,
黃金獵犬狗醫師  長照機構陪伴爺奶解憂愁,https://health.udn.com/health/story/123125/6618199,,,
網傳維生素D吃多易失智？營養師教健康4吃法增免疫、防骨鬆！,https://health.udn.com/health/story/6034/6614413,,,
清冠一號9月15日起不再全面公費  用藥對象一次看,https://health.udn.com/health/story/5999/6599426,,,
全世界有數百萬人在吃 降低膽固醇的史他汀其實有副作用？,https://health.udn.com/health/story/6012/6587807,,,
疫後醫療3／賣口罩、送藥到宅 社區藥局兼當心靈捕手,https://health.udn.com/health/story/120952/6585069,,,
你說的維生素D跟我說的不一樣？專家詳解三種維生素D,https://health.udn.com/health/story/5999/6581949,,,
為失智長者再拍婚紗！6年來拍攝120對銀髮夫妻，守護幸福回憶,https://health.udn.com/health/story/5999/6581475,,,
醫病平台／照顧者累了嗎？或是不孝？談失智症精神行為症狀住院時家屬的為難,https://health.udn.com/health/story/6001/6566566,,,
長期維生素D攝取過量 營養師提醒可能導致肝腎功能異常,https://health.udn.com/health/story/6034/6573727,,,
維生素D還能吃嗎？ 專家為骨鬆、洗腎、一般人解惑,https://health.udn.com/health/story/6034/6573419,,,
長期吃維生素D反增失智死亡風險 這3種方式自然合成最好,https://health.udn.com/health/story/6034/6572850,,,
國衛院：65歲以上長期補維生素D 失智死亡風險恐增2倍,https://health.udn.com/health/story/6034/6571950,,,
長期濫用安眠藥恐增住院死亡風險 多管齊下才有解,https://health.udn.com/health/story/6012/6570500,,,
「照顧家人不等於活得悲情」科技高管53歲為失智母提早退休！打拳、玩三鐵變樂活大叔,https://health.udn.com/health/story/10429/6560211,,,
本土+2萬8397例近期新高 境外+173 較上周增15％,https://health.udn.com/health/story/120950/6560833,,,
醫病平台／未知死，焉知生,https://health.udn.com/health/story/6001/6532794,,,
國際期刊研究：每天吃半杯這種水果防健忘、失智，12週就能看到效果,https://health.udn.com/health/story/6037/6527324,,,
長期喝酒危害大，當心免疫力現警訊！醫：掌握喝酒3守則,https://health.udn.com/health/story/6008/6524613,,,
巴金森治療／巴金森病也會失智？專家提醒家屬要留意 憂鬱可能是合併徵兆,https://health.udn.com/health/story/122253/6520660,,,
中風4成吞嚥障礙 新療法助康復,https://health.udn.com/health/story/5967/6519730,,,
老虐暴增2／老人嚴重受虐事件 衛福部分析有二大原因,https://health.udn.com/health/story/6631/6518211,,,
常忘東忘西、記憶力變差恐是「5大傷腦食物」害的！  營養師：你每天都在吃,https://health.udn.com/health/story/6037/6517725,,,
熱泡茶和冷泡茶哪個咖啡因多？營養師揭喝茶養生6好處,https://health.udn.com/health/story/6037/6503897,,,
疫情DNR 9／透過信任感 傳統長輩願簽DNR,https://health.udn.com/health/story/120953/6500637,,,
吃太鹹失智風險提高？營養師：少喝「1飲品」可逆轉,https://health.udn.com/health/story/6037/6495344,,,
B群、維生素D、魚油、益生菌…哪些是必要吃的？醫生公開自己吃的保健食品清單,https://health.udn.com/health/story/6034/6469870,,,
有片｜飲食方法好多種怎麼選？地中海飲食法應該這樣吃！,https://health.udn.com/health/story/6033/6470698,,,
你的投資型保單買對了嗎？專家點出保戶購買投資型保單常見的10大謬誤,https://health.udn.com/health/story/10429/6475353,,,
每周4到6次、每次30分鐘 健走降血壓還能預防骨鬆,https://health.udn.com/health/story/6033/6464313,,,
失智後仍可幸福生活，做得到嗎？日本「失智前輩相談室」讓失智者親身分享經驗談,https://health.udn.com/health/story/120650/6466965,,,
優照護／照顧失智家人有多難？專家照顧心法與你分享,https://health.udn.com/health/story/11649/6433664,,,
我有長新冠嗎？醫師建議「症狀明顯與過去不一樣」要釐清治療,https://health.udn.com/health/story/120951/6430129,,,
白天常常想睡覺？醫提醒當心可能與三高、心血管疾病有關,https://health.udn.com/health/story/5977/6418564,,,
照顧失智父母，「3個法律觀念」照顧者不可不知！,https://health.udn.com/health/story/10429/6413988,,,
獨／長照機構禁探視 家屬爬欄杆遙望、長輩哭鬧惹心疼,https://health.udn.com/health/story/120953/6389434,,,
巴金森治療／長輩悶悶不樂又憂鬱 恐是巴金森病惡化徵兆？專家提醒：觀察細節揪出長者失能危機,https://health.udn.com/health/story/122253/6372083,,,
獨／確診阿公洗腎發飆怒掐瘀青 護理師曝專責病房心酸,https://health.udn.com/health/story/120953/6372020,,,
解開照顧枷鎖回響／疫下無援 照顧者苦撐,https://health.udn.com/health/story/6631/6366206,,,
願景回響／疫情期間照顧者壓力倍增 衛福部應正視,https://health.udn.com/health/story/6631/6366036,,,
後疫情與病毒共存／你是不是新冠重症高危險群？高危險群注意事項一次看,https://health.udn.com/health/story/120952/6359796,,,
清冠一號還是口服抗病毒藥？醫師詳解新冠確診者該用哪種藥緩解症狀,https://health.udn.com/health/story/120952/6354677,,,
獨／醫師盤點重症患者領藥11道關卡 兩重要關卡待解決,https://health.udn.com/health/story/120952/6354031,,,
微溫、吐瀉、譫妄、跌倒 老年人染疫 注意四大非典症狀,https://health.udn.com/health/story/120951/6340828,,,
潛在新冠肺炎死亡黑數 專家曝老年人4大症狀不可輕忽,https://health.udn.com/health/story/120951/6338665,,,
課程回顧／失智者與照顧者共學新知：讓專家用一根棍子告訴你如何逆轉退化大腦,https://health.udn.com/health/story/8118/6326511,,,
【元氣一日課】健康的人每天都會做8件事！有效運動、注重飲食，照著做就能改善生活型態,https://health.udn.com/health/story/122644/6307710,,,
約25%康復者在疫後3個月出現新冠後遺症！醫師揭腦霧3大核心症狀,https://health.udn.com/health/story/120951/6320668,,,
老顧老／雙雙失能 阿公的愛阿嬤的傷,https://health.udn.com/health/story/6631/6318000,,,
老老照顧…70歲顧80歲 有愛扛不住,https://health.udn.com/health/story/6631/6317992,,,
染疫居家照護口服藥很難領到？ 醫揪4大癥結點,https://health.udn.com/health/story/120951/6303089,,,
喝對咖啡助減重、延壽！「8NG喝法」曝  做成甜點、晚上喝都不OK,https://health.udn.com/health/story/6037/6295868,,,
專家指單日3.6萬例是假象 「篩檢量能爆黑數」有隱憂,https://health.udn.com/health/story/120951/6294072,,,
飲食照護／長輩吞嚥困難易嗆咳怎麼辦？台大專家教「3步驟」增加患者進食安全,https://health.udn.com/health/story/120650/6265359,,,
獨／基隆婦確診亡 指揮中心擬放寬癌友領口服抗病毒藥,https://health.udn.com/health/story/120950/6280406,,,
牙口不佳增失智風險近2倍 專家教如何評估缺牙問題,https://health.udn.com/health/story/5968/6276783,,,
社區照護有助延緩失智 醫師籲及早接受評估,https://health.udn.com/health/story/120650/6267938,,,
親耳聽母親說「你要幫助我解脫」！畢柳鶯醫師：我們母女做成了斷食善終的約定,https://health.udn.com/health/story/10429/6263509,,,
口服藥物是成功減災關鍵！一表比較新冠肺炎抗病毒藥物「輝瑞」跟「默沙東」,https://health.udn.com/health/story/120952/6252606,,,
獨／癌症、身心障礙、精神疾患可吃抗病毒藥 最快本周公布,https://health.udn.com/health/story/120950/6252786,,,
【元氣一日課】讓你神經不再大條！專家教你活化腦部，預防腦退化從現在開始,https://health.udn.com/health/story/122644/6236762,,,
加購70萬劑口服藥 Q2前到貨,https://health.udn.com/health/story/120950/6231850,,,
獨／年輕癌症或身心障礙可吃抗新冠病毒藥？指揮中心這樣說,https://health.udn.com/health/story/120950/6231489,,,
【元氣一日課】高溫其實比低溫更容易誘發心血管疾病？小心冷熱溫差的極端變化,https://health.udn.com/health/story/122644/6220865,,,
醫病平台／催生一座「有溫度的臺灣腦庫」：病友協會的呼聲與期盼,https://health.udn.com/health/story/6001/6208298,,,
醫病平台／臺灣腦庫的挑戰與未來,https://health.udn.com/health/story/6001/6208292,,,
春夏中風、心肌梗塞4雷！醫：風險族群影響大要小心,https://health.udn.com/health/story/5977/6202581,,,
醫病平台／臺灣腦庫：現況與展望,https://health.udn.com/health/story/6001/6208273,,,
銀髮外送商機！ 超商、超市外送，長輩購物免出門,https://health.udn.com/health/story/10429/6210147,,,
吃「葉酸」護心血管 2張表營養師幫你算哪些蔬果含量最多,https://health.udn.com/health/story/6034/6202080,,,
長者進食易嗆咳 食物泥仍有風險,https://health.udn.com/health/story/6631/6201150,,,
剪碎食物還是嗆到？台大醫院吞嚥專家出書助長輩享美食,https://health.udn.com/health/story/6631/6199863,,,
新藥+量表納入給付 及早發現巴金森氏症患者,https://health.udn.com/health/story/122253/6191811,,,
林靜芸／孤獨會增加罹患疾病風險！走出去奉獻你的「老人力」，有人作伴又有成就感,https://health.udn.com/health/story/7403/6174848,,,
財務問題／「我爸生病後，好愛錢！」老年醫學專家的診間觀察：真正愛計較，終究是錢？還是愛？,https://health.udn.com/health/story/10699/6173529,,,
【元氣一日課】沒時間運動？腰背、肩頸痠痛，體脂肪狂飆！7個生活訣竅，助你快速燃脂又健康,https://health.udn.com/health/story/122644/6165534,,,
「健走」很健康，為何專家卻說無法鍛鍊雙腳？日本國家級體能訓練師解析「腳衰退」的原因,https://health.udn.com/health/story/6033/6156727,,,
2022癌症高峰論壇／王建煊罹癌不害怕：把治療交給醫師、把心交給信仰 ！,https://health.udn.com/health/story/6013/6157764,,,
【元氣一日課】少吃多動還是瘦不下來？這些技巧助你促進消化又能瘦肚，輕鬆解決肥胖問題,https://health.udn.com/health/story/122644/6152211,,,
老人臭不只是衛生問題 醫提醒當心五臟六腑出毛病,https://health.udn.com/health/story/5971/6150190,,,
捨不得丟別以為是念舊！ 醫：「儲物症」應就醫治療,https://health.udn.com/health/story/5964/6149224,,,
【元氣一日課】失眠睡不著好痛苦，傷身又傷腦！跟著這樣做，助眠補腦，一覺到天亮,https://health.udn.com/health/story/122644/6132558,,,
照護成本增 「社區式照護」成趨勢,https://health.udn.com/health/story/6631/6127011,,,
長輩聽力變差別忽視，當心加速失智症的發生！醫：按照聽力分貝挑選助聽器或人工電子耳,https://health.udn.com/health/story/5969/6125394,,,
守護失智者良醫師生檔曹汶龍、宋思權 推廣AD8失智篩檢,https://health.udn.com/health/story/5999/6120464,,,
【元氣一日課】常胸悶胸痛、呼吸不順、頭暈？恐是「心肌梗塞」徵兆，這些方法助你保護心血管,https://health.udn.com/health/story/122644/6112702,,,
天冷泡熱水澡其實增心臟負擔 醫籲留意泡澡時間：就像泡湯一樣,https://health.udn.com/health/story/6631/6111318,,,
常常頭暈、無力留意低血壓！醫：6族群應每日測量血壓防休克,https://health.udn.com/health/story/5977/6107045,,,
若未妥善救治走得非常快 醫揭心肌梗塞的隱藏地雷,https://health.udn.com/health/story/5977/6088362,,,
追蹤36萬人超過10年研究：咖啡+茶有助降低中風和失智症風險,https://health.udn.com/health/story/6037/6089104,,,
82歲阿嬤失智症來得急又快速惡化 就醫發現肺癌轉移腦,https://health.udn.com/health/story/6024/6085794,,,
元氣一日線上課程 教你增加抗寒力與免疫力,https://health.udn.com/health/story/6039/6047586,,,
只要用對方法就可延緩老化 名醫張金堅創咖啡健康學養生,https://health.udn.com/health/story/10429/6031383,,,
醫病平台／新冠病毒肺炎(COVID-19)的生活保健對策（二）：談警戒期間的體重與運動,https://health.udn.com/health/story/6001/6027545,,,
缺幾顆牙沒關係？缺牙和牙周病相互關係 牙醫：最怕導致這三種疾病,https://health.udn.com/health/story/5968/6021592,,,
愛吃2樣便當菜恐致高血壓！網驚呆：是必點,https://health.udn.com/health/story/6037/6017238,,,
桃園機場的「文學之牆」出自書法家朱振南之手  面對熟齡，不斷歸零再學習跟冒險！,https://health.udn.com/health/story/10429/6018204,,,
失聯移工5.5萬人 家庭看護最多,https://health.udn.com/health/story/6631/6003375,,,
要吃蛋，就要連蛋黃一起吃！怕膽固醇過高、心血管疾病？醫師破迷思,https://health.udn.com/health/story/6037/5992877,,,
人生最划算的投資！李偉文：如何不花大錢，得到健康的身體和最棒的朋友？,https://health.udn.com/health/story/10429/5992833,,,
嘴破、痠痛、解酒...吃B群有用？覺得累就狂吞？吃「B群」10個正確觀念,https://health.udn.com/health/story/6034/5984870,,,
新冠重症、中風年長者吞嚥難易嗆咳 恐引發吸入性肺炎,https://health.udn.com/health/story/6631/5984921,,,
白內障不治療可能失明！白內障手術後會復發嗎？,https://health.udn.com/health/story/5970/5974738,,,
曾想「母親死了就好了」 單身大叔照顧80歲失智症母親：千萬不要一個人獨力承擔,https://health.udn.com/health/story/6631/5979488,,,
愛喝茶、咖啡有助預防失智及中風！  研究曝「每日飲用杯數」,https://health.udn.com/health/story/6037/5978142,,,
「如果我死了，你們會很高興吧？」當失智症醫師得了失智症 一針見血說出照顧者的兩難,https://health.udn.com/health/story/10844/5969459,,,
疫情下的退休力應變／怎樣才算準備好了？3個世代從3面向教你規畫退休,https://health.udn.com/health/story/122928/5968399,,,
簡單4招消滅壞的膽固醇！助防中風、心肌梗塞、失智症、腎衰竭,https://health.udn.com/health/story/5977/5966079,,,
撐起長照的移工卻是無援孤島  誰來撐起移工？,https://health.udn.com/health/story/6631/5965009,,,
為什麼運動是最好的藥？研究證實：能治療26種病,https://health.udn.com/health/story/6033/5942887,,,
長春藤攜手慈濟團隊 幹細胞治療助腦疾患者,https://health.udn.com/health/story/5999/5940121,,,
維持腦力、體力、社會力 快樂熟齡從不服老開始,https://health.udn.com/health/story/10429/5935789,,,
國內莫德納第3劑擬打半劑 mRNA疫苗不互混打,https://health.udn.com/health/story/121833/5926574,,,
長路漫漫看不到盡頭，家庭照顧者體悟更深！心理師給疫情之下的人們這些建議,https://health.udn.com/health/story/5964/5918883,,,
聽損治療方式／及時選配助聽器 降低失智風險,https://health.udn.com/health/story/5969/5919477,,,
環境太吵千萬別戴耳機 耳科醫：耳機不要連續使用超過1小時,https://health.udn.com/health/story/5969/5919485,,,
生命的最後別折磨！日本在宅醫師提倡「平穩死」，5件事在家善終,https://health.udn.com/health/story/10429/5922130,,,
醫病平台／陽光下的陰影：失智症照顧者的身心壓力,https://health.udn.com/health/story/6001/5913104,,,
醫病平台／失智症與家庭暴力的壯烈：那些對醫療單位的過度理想期待,https://health.udn.com/health/story/6001/5902193,,,
全銀運動／銀髮族視力退化恐增失智風險 專家教你護眼保健,https://health.udn.com/health/story/5970/5907399,,,
水是最健康的飲料？喝水真的比喝茶或咖啡健康？,https://health.udn.com/health/story/6037/5905941,,,
退休力應變沙龍／退而不休 保持學習和社會連結,https://health.udn.com/health/story/10429/5903901,,,
退休力應變沙龍4-4／世代退休觀不同 保持學習成共識,https://health.udn.com/health/story/122928/5903848,,,
研究：咖啡有助防阿茲海默症、帕金森氏症！  深焙、淺焙哪種好？,https://health.udn.com/health/story/6037/5897657,,,
老年生活擺脫憂鬱失智！「三力、三空、三好」顧身心,https://health.udn.com/health/story/6631/5893910,,,
巴金森病警訊／及早警覺憂鬱焦慮 不能忽略的巴金森病前兆,https://health.udn.com/health/story/122253/5886227,,,
可愛小卡防走失！協會推「緊急聯絡卡」 提升配戴意願,https://health.udn.com/health/story/6631/5878063,,,
協助失能長輩復健 中醫師到府把脈、針灸,https://health.udn.com/health/story/6631/5876055,,,
長者不方便出門就醫？ 中醫推到府把脈、針灸,https://health.udn.com/health/story/6631/5872778,,,
小中風怎麼辦？醫指6要點，防中風、失智症找上門！,https://health.udn.com/health/story/5977/5871202,,,
血管性失智症治療新契機 台灣團隊成果登上國際期刊,https://health.udn.com/health/story/5965/5860737,,,
近2成新冠重症患 半年內出現焦慮症,https://health.udn.com/health/story/120951/5842835,,,
精神危害不可小覷 近兩成新冠重症患半年內現焦慮症,https://health.udn.com/health/story/120951/5841334,,,
天氣轉涼要多吃！6種天然血液稀釋劑防心血管疾病,https://health.udn.com/health/story/6037/5838439,,,
不聽話=老番癲？ 家總提移工居家照顧絕招「5要3不」,https://health.udn.com/health/story/6631/5821320,,,
北市國小設日照引家長反彈 失智症協會：政府應多宣導,https://health.udn.com/health/story/6631/5810727,,,
老後的家(養老機構)該怎麼挑選、會不會很貴？ 4種類型的「高齡宅」詳細介紹一次看,https://health.udn.com/health/story/10429/5804403,,,
醫病平台／要不要插鼻胃管？從自主，看見晚美人生的藍圖,https://health.udn.com/health/story/6001/5799201,,,
聽損未就醫失智風險大 醫建議及早配戴助聽器,https://health.udn.com/health/story/5969/5798132,,,
聽不見燒水聲？ 醫：恐有聽損疑慮 快就醫評估,https://health.udn.com/health/story/5969/5797021,,,
鼻塞是過敏、鼻竇炎還是鼻咽癌？醫：單側鼻塞2周盡速就醫,https://health.udn.com/health/story/5969/5791424,,,
美研究：孤獨的長者 少活3至5年,https://health.udn.com/health/story/5964/5781501,,,
常見便當配菜哪個熱量高？營養師提醒：2樣配菜不宜多吃,https://health.udn.com/health/story/6037/5780699,,,
老化特殊指標！身智衰退症PCDS及早預測「不健康老化」,https://health.udn.com/health/story/6631/5778442,,,
健保多開放五種藥 失智、過動成人、罕癌兒明年起受惠,https://health.udn.com/health/story/5999/5777166,,,
突破性新藥納健保給付 兒童罕見癌症用藥新選擇,https://health.udn.com/health/story/6015/5776667,,,
長者經常感到孤獨恐減壽 美研究：最多少活5年,https://health.udn.com/health/story/5964/5776620,,,
吃東西後輕咳、出痰 長者恐吞嚥障礙,https://health.udn.com/health/story/6631/5775854,,,
【糖尿病食譜】呆丸郎穩血糖：烤紅地瓜蔬菜,https://health.udn.com/health/story/6037/5769346,,,
研究：攝取足量葉酸能預防阿茲海默症 5種黃綠色蔬食讓大腦變年輕,https://health.udn.com/health/story/6037/5752605,,,
聯新國際醫師：糖尿病升高罹患退化、血管型失智症風險,https://health.udn.com/health/story/5974/5750349,,,
68歲龍劭華糖尿病纏身12年，在沙發上猝逝 ！ 網不捨《含笑食堂》3實力演員「都已成天使」,https://health.udn.com/health/story/5999/5747484,,,
腦中風後最怕復發！二度發生的嚴重程度將遠勝於第一次,https://health.udn.com/health/story/5977/5743897,,,
缺維生素B12生哪些疾病？神經醫學權威提醒這群人注意,https://health.udn.com/health/story/5965/5722701,,,
失蹤老人協尋中心20周年／愛的手鍊再升級 幫他找到回家的路,https://health.udn.com/health/story/6631/5704083,,,
好的咀嚼力能減緩老化速度及失智症的發生率！醫師你4大訓練，助你強化咀嚼力,https://health.udn.com/health/story/5968/5705204,,,
陳亮恭／國人不健康壽命延長 預防失能失智要趁早,https://health.udn.com/health/story/8250/5692013,,,
慢病主題館【腦中風】中風病人吃東西總是嗆咳？3大原則改善吞嚥障礙,https://health.udn.com/health/story/124040/5682507,,,
陳景寧／別讓疫情壓垮家庭照顧者,https://health.udn.com/health/story/7421/5676022,,,
咖哩防失智症、抗癌！哪一種顏色好？  營養師曝：3種人別碰,https://health.udn.com/health/story/6037/5674062,,,
黃達夫／阿茲海默症新藥爭議 台灣如何面對,https://health.udn.com/health/story/7397/5659935,,,
解封長者不來 失智據點想退出,https://health.udn.com/health/story/6631/5641646,,,
失智據點重啟／長輩悶太久抗拒回來  有待家屬耐心鼓勵,https://health.udn.com/health/story/6631/5641519,,,
失智據點重啟／失智母關在浴室生悶氣 女兒心疼曝原因,https://health.udn.com/health/story/6631/5641521,,,
失智據點重啟／等到解封但長輩不來了 不敷成本恐退出,https://health.udn.com/health/story/6631/5641516,,,
讓老人不再走失！金大研究團隊開發失智長者定位系統,https://health.udn.com/health/story/5999/5640887,,,
吃當季／防癌、防失智、降血壓…水蜜桃對身體有十大益處！挑選桃子靠2技巧,https://health.udn.com/health/story/6037/5631661,,,
飲食照護／無法進食的煎熬與愛  談末期失智症的營養照護,https://health.udn.com/health/story/120650/5630360,,,
類澱粉蛋白正子造影 揪出早期阿茲海默症,https://health.udn.com/health/story/5965/5627564,,,
芒果營養成分新發現！研究：含抗神經系統發炎的植化素，有治療阿茲海默症潛力,https://health.udn.com/health/story/6037/5627400,,,
膽固醇藥 最好在睡前吃,https://health.udn.com/health/story/6012/5622720,,,
廚房裡就有！羅勒 迷迭香 鼠尾草 淨化身心聖品,https://health.udn.com/health/story/6006/5622713,,,
失智症權威醫師失智老母安詳辭世 跪床前唱歌道別道謝,https://health.udn.com/health/story/5999/5621930,,,
潘懷宗／飲食中補充鋅能幫忙控制高血壓嗎？研究結果給出這樣建議,https://health.udn.com/health/story/7426/5601034,,,
遠距醫療／視訊門診直播 醫師：有助巴金森和失智,https://health.udn.com/health/story/122419/5603489,,,
貧血別亂補，婦亂補鐵成肝硬化！醫教正確改善3觀念,https://health.udn.com/health/story/5962/5600762,,,
長輩終於願意「動」！物理治療所推免費線上運動課,https://health.udn.com/health/story/6033/5601727,,,
失智長輩被混打AZ、莫德納 家屬：希望健保系統完善錯了嗎？,https://health.udn.com/health/story/121833/5598871,,,
老翁混打AZ、莫德納 陳宗彥：兩系統勾稽有時間差,https://health.udn.com/health/story/121833/5597926,,,
快崩潰 2.4萬家庭喊日照解封,https://health.udn.com/health/story/120952/5597117,,,
1人1信給總統 照顧團體求解封,https://health.udn.com/health/story/6631/5593031,,,
日照據點解封下周討論 照顧者怒了：現在才討論太慢,https://health.udn.com/health/story/6631/5592737,,,
日照據點恢復遙遙無期？ 陳時中：7月14日討論放寬,https://health.udn.com/health/story/120952/5592414,,,
照顧者快撐不住盼日照微解封 指揮中心下午2時記者會,https://health.udn.com/health/story/120952/5591714,,,
優照護／長輩居家照護 你不能忽略這些專業,https://health.udn.com/health/story/11649/5583632,,,
新北新增打AZ疫苗後死亡5個案 最年輕為42歲洗腎男子,https://health.udn.com/health/story/121833/5576239,,,
【疫情孤獨死２】面對心靈撕裂傷 生者如何與悲傷共處,https://health.udn.com/health/story/120953/5572879,,,
新一批莫德納怎麼打？ 新北明公布細節,https://health.udn.com/health/story/121833/5563545,,,
講話常忘詞？8症狀小心腦退化！醫：高壓、慢性病等族群要注意,https://health.udn.com/health/story/10695/5557456,,,
對抗新冠肺炎必吃4種營養補充 快速提升免疫力！,https://health.udn.com/health/story/120952/5558428,,,
台中打疫苗後死亡今晚+1累計35死 90歲獨居婦倒臥廁所亡,https://health.udn.com/health/story/121833/5556054,,,
QA／關於COVID-19疫苗 巴金森患者應該知道的7件事,https://health.udn.com/health/story/121019/5547213,,,
最新接種對象順位出爐了！你在第幾順位？,https://health.udn.com/health/story/121833/5547184,,,
台中打完疫苗死亡今增3死累積10死！42歲男打完3天猝死,https://health.udn.com/health/story/121833/5543697,,,
頻傳長者接種疫苗後猝死 專家揭：恐與中暑有關,https://health.udn.com/health/story/121833/5538924,,,
高危險族群是你？醫揭患新冠易重症的慢性病排行,https://health.udn.com/health/story/121947/5535442,,,
直擊接種亂象！「好心疼老人家」 民眾怒批零超前部署,https://health.udn.com/health/story/121833/5532916,,,
阿茲海默新藥估年底來台送審 要價不菲,https://health.udn.com/health/story/5999/5519198,,,
相隔18年 阿茲海默新藥問世,https://health.udn.com/health/story/5999/5519193,,,
長輩注意恐有「新」肺炎 防疫簡單篩檢遠離風險,https://health.udn.com/health/story/6631/5503349,,,
世界無菸日／李俊泰：尼古丁嚴重影響腦神經，腦中風、失智症者更應遠離菸,https://health.udn.com/health/story/5965/5494946,,,
「失智者居家照護指南」協助照顧失智家人！ 眾多線上資源，讓失智者防疫在家不無聊,https://health.udn.com/health/story/120952/5494694,,,
失智長者不戴口罩被罰  長照司建議隨身帶診斷証明,https://health.udn.com/health/story/6631/5486666,,,
記憶變差又壞脾氣，我還年輕不會得失智症？45歲後早發大腦退化別輕忽,https://health.udn.com/health/story/10695/5473326,,,
預防方法／睡不好有失智風險 3撇步助好眠,https://health.udn.com/health/story/122288/5473916,,,
長者熱傷害人數今年恐升 居家防疫、防中暑這樣做,https://health.udn.com/health/story/6008/5469420,,,
潘懷宗／眼淚是珍珠！一滴眼淚竟可篩檢血糖、驗乳癌和失智症？,https://health.udn.com/health/story/7426/5452665,,,
日照中心關閉影響大！ 照顧者長照、工作兩頭燒 期盼照顧假,https://health.udn.com/health/story/6631/5464409,,,
非藥物治療／睡不好影響腦部血液循環…2招有助遠離失智,https://health.udn.com/health/story/122288/5462703,,,
鍛鍊退休力／當志工能學習、利他 成就感多 孤獨感少,https://health.udn.com/health/story/122931/5458062,,,
鍛鍊退休力／被需要感隨年齡降低 關係營造 別等退休後,https://health.udn.com/health/story/122931/5458061,,,
操煩別人的事會生病！許瑞云：找到心中壓力源，身體才會真正變好,https://health.udn.com/health/story/10429/5445753,,,
輔具長照展開幕 國家隊成立,https://health.udn.com/health/story/5999/5439290,,,
異物千奇百怪吞食經常後果嚴重 醫籲特別留意老人小孩,https://health.udn.com/health/story/5976/5437539,,,
輔具暨長照展 來做退休力檢測,https://health.udn.com/health/story/5692/5433872,,,
輔具大展／快來聯合報攤位 參加活動拿好禮！,https://health.udn.com/health/story/8118/5433230,,,
降血壓吃芝麻有效？健康8問題能靠芝麻改善！專家分享簡易3食譜，讓芝麻更美味,https://health.udn.com/health/story/6037/5422925,,,
專業觀點／壓力症候群 照顧者應尋求協助,https://health.udn.com/health/story/6001/5423446,,,
確診帕金森氏症，治療卻不同步！夫妻走向不同命運,https://health.udn.com/health/story/5965/5414865,,,
孕期服用維生素C 幫助幼兒腦部健全,https://health.udn.com/health/story/5966/5406452,,,
坣娜伴失智母11年靠瑜珈紓壓 家總樂活網顧照顧者健康,https://health.udn.com/health/story/5999/5406351,,,
腦袋進水可能危及生命 引起腦壓上升即需考慮治療,https://health.udn.com/health/story/5965/5404830,,,
常忘繳信用卡？研究發現：阿茲海默或失智確診前幾年，財務敏銳度恐開始走下坡！,https://health.udn.com/health/story/10695/5343634,,,
就醫不可不知潛規則！蒼藍鴿醫師：診間沒主動提這13點，恐變「流水式看病」,https://health.udn.com/health/story/6008/5400192,,,
「單腳站立」竟可讓頭腦一生好用！日本醫師教你4步驟增強肌力、燃燒熱量,https://health.udn.com/health/story/6033/5392244,,,
動脈硬化能逆轉嗎？1項運動最有效 失智風險都降低,https://health.udn.com/health/story/6033/5388071,,,
癲癇記憶變差 新型手術大幅改善,https://health.udn.com/health/story/5965/5383588,,,
40歲男為帕金森氏症所苦 深部腦刺激術助恢復生活,https://health.udn.com/health/story/5965/5376783,,,
環保署嚴管營建空汙 毒物醫：PM10危害至少有6項,https://health.udn.com/health/story/5980/5374873,,,
他們恩愛30年，現在卻吵到要離婚！醫：5個常見病癥，恐是早發失智合併妄想,https://health.udn.com/health/story/10695/5372131,,,
抗癌最佳典範！哈佛癌症醫師每天吃什麼預防疾病,https://health.udn.com/health/story/6017/5362488,,,
黃元德的養生秘訣／早餐黑咖啡 每日三蔬果,https://health.udn.com/health/story/122460/5362798,,,
專業觀點／不讓家人陷入抉擇 一起接受諮商,https://health.udn.com/health/story/6001/5360609,,,
運動量不足致死占7% 亦易罹失智症,https://health.udn.com/health/story/6033/5356737,,,
出遊前會吃暈車藥嗎？藥師提醒：五大族群不適合使用暈車藥,https://health.udn.com/health/story/6012/5347987,,,
預防方法／每3秒就有1人患失智症！10個健腦食物吃了沒？,https://health.udn.com/health/story/10696/5343637,,,
飲食預防／不用就會喪失！專家教你一事訓練味覺防大腦老化,https://health.udn.com/health/story/122253/5336754,,,
母親的告別式家族盛大、好友的告別式精采回顧…我要怎麼說再見？,https://health.udn.com/health/story/6005/5321511,,,
巴金森主題／「你這麼好的人，怎會得這種病！」…若你遇見「巴金森氏症」，這些話別說！,https://health.udn.com/health/story/122253/5321497,,,
想要「老康健」，愈早開始準備愈好！健康長壽的3個實用處方,https://health.udn.com/health/story/6039/5321123,,,
記性差、性格變、容易受騙！醫師圖文解說失智症警訊,https://health.udn.com/health/story/10695/5318426,,,
每天洗澡反而不利健康？ 專家說法顛覆你的觀念,https://health.udn.com/health/story/6008/5300109,,,
魚刺卡喉、誤吞棗核…別再喝醋、吞飯！專家建議正確處置方法,https://health.udn.com/health/story/6008/5314847,,,
醫病平台／生死自在——談預立醫療決定,https://health.udn.com/health/story/6001/5312815,,,
推廣長者用碗喝水 花蓮慈濟醫院發明防嗆咳7字訣,https://health.udn.com/health/story/6631/5294618,,,
精神行為／你可能不知道：失智症患者的長期記憶有時比正常人還好,https://health.udn.com/health/story/10697/5290699,,,
中年喪子又罹帕金森氏症！她靠作畫忘卻苦痛，只為留下「留不下」的人,https://health.udn.com/health/story/10429/5279231,,,
結婚2年老公就罹癌！陳月卿：癌症，是包裝很醜的禮物，為我們帶來了幸福感,https://health.udn.com/health/story/6013/5278559,,,
身心紓壓／召開家庭協議 聽見失智照顧者的需求,https://health.udn.com/health/story/122289/5261593,,,
退化和老化大不同！專家提醒：逆轉退化該這樣做,https://health.udn.com/health/story/6039/5260617,,,
省到一條內褲穿20年的侯昌明，年過半百突想通，花百萬全家暢遊義大利！中年樂活靠4個小秘訣,https://health.udn.com/health/story/10429/5260637,,,
健忘、走路不穩恐非正常老化！ 留意失智症警訊免惡化,https://health.udn.com/health/story/5965/5261396,,,
兄弟皆肝癌逝，才發現自己是高危群！他依2準則，讓癌症晚10幾年才來報到,https://health.udn.com/health/story/6013/5258856,,,
你都幾點才睡？ 神經科醫揭「愛熬夜下場」恐從內傷到外,https://health.udn.com/health/story/6008/5251958,,,
一輩子都被責任追著跑....一個精神科醫師罹帕金森氏症告白：生病12年，我才真正「活著」,https://health.udn.com/health/story/6005/5224387,,,
「我絕對不會變成這樣」？遺物整理師：每個垃圾屋背後那些說不出口的苦衷,https://health.udn.com/health/story/6005/5248994,,,
春節家暴請打113通報 也可諮詢或通報性騷性侵,https://health.udn.com/health/story/5999/5249862,,,
食物卡在喉嚨怎麼辦？  急診醫教正確自救法,https://health.udn.com/health/story/5969/5248123,,,
身心治療引入服務 助部分街友脫離流浪,https://health.udn.com/health/story/5999/5246065,,,
癌症、慢性病和失智症哪項最能補救？專家的答案可能讓你意外,https://health.udn.com/health/story/6039/5241352,,,
失智課程／讓失智長輩安心過年 WaCare提供照護撇步,https://health.udn.com/health/story/122289/5240168,,,
鄒頡龍／從日劇《半澤直樹2》談老年人聽力障礙,https://health.udn.com/health/story/7398/5235247,,,
外籍看護進不來！被照顧者申請長照2.0、機構入住增,https://health.udn.com/health/story/6631/5225042,,,
一連串生活改變與意外，被診斷阿茲海默症跟肌少症！   老老照顧 「返老還童」豁達面對,https://health.udn.com/health/story/6631/5217144,,,
全球4千多萬人都中！  醫揭「3危險症狀」恐害中風、失智,https://health.udn.com/health/story/5977/5198066,,,
思覺失調／常聽到嘰嘰聲好像漏電，是幻聽還是耳鳴？ 醫師教你如何分辨,https://health.udn.com/health/story/122418/5196346,,,
薑黃護心好食材！營養師：小心副作用，建議這樣吃最好,https://health.udn.com/health/story/6037/5194329,,,
老翁吃柳丁噎到送醫不治 醫師提醒飯前應先做這件事,https://health.udn.com/health/story/5976/5192242,,,
葉北辰／「幾點了？我吃飯了沒？」失智者跳針問話 溝通有3招,https://health.udn.com/health/story/122289/5189509,,,
糖尿病老藥成抗老神藥？教授：一件事比吃藥有效,https://health.udn.com/health/story/6008/5182731,,,
保守祕密傷健康？與配偶關係好壞無害健康？解讀關於健康生活的研究,https://health.udn.com/health/story/6039/5155981,,,
基隆七旬嬤搭公車拒戴口罩也不下車送辦 最高恐罰1萬5,https://health.udn.com/health/story/120952/5177159,,,
惹怒醫界 楊志良再批雙重標準,https://health.udn.com/health/story/5999/5174526,,,
惹怒醫界、驚動總統、老友嗆聲 楊志良回應了,https://health.udn.com/health/story/120951/5174338,,,
元氣網全新改版！更即時、更深入 5大特色讓你更健康,https://health.udn.com/health/story/5999/5167144,,,
迎接高齡社會 樂齡自立生活展示中心以各式輔具推動長者自立生活,https://health.udn.com/health/story/6631/5153576,,,
臥床嬤尿道感染 膀胱結石逾9公分,https://health.udn.com/health/story/5975/5147252,,,
驚！她剖腹取出9公分膀胱結石 他高尿酸取出1050顆結石,https://health.udn.com/health/story/5975/5145762,,,
劉秀枝／銀髮族的快樂出遊,https://health.udn.com/health/story/7392/5139920,,,
基因檢測有用嗎？先弄懂何謂單基因疾病和多因子疾病,https://health.udn.com/health/story/6008/5130833,,,
醫病平台／面對病人罹患短暫性全面失憶症  什麼才是醫護人員應該做的事？,https://health.udn.com/health/story/6001/5130079,,,
老化跟失智常搞混？最大差別在這個地方！ 醫師曝「4危險誘因」,https://health.udn.com/health/story/5965/5125745,,,
醫病平台／我曾罹患暫時性的全面失憶症,https://health.udn.com/health/story/6001/5121037,,,
家庭醫師來我家！嘉義縣推動居家失能個案家庭照護,https://health.udn.com/health/story/6631/5115451,,,
退休不只遊山玩水！陳亮恭：也要避免退休後「報復性養生」,https://health.udn.com/health/story/122930/5103715,,,
爸媽性格大變 張小燕拍攝《愛記》提醒留心失智前兆,https://health.udn.com/health/story/5965/5105668,,,
規畫下半場／人生有苦有樂規畫和愛最重要,https://health.udn.com/health/story/122933/5098177,,,
2020退休力大調查／陳俊佑運動加睡飽 遠離失智,https://health.udn.com/health/story/122928/5095174,,,
腦中風會遺傳！ 北榮找到國人致病突變基因,https://health.udn.com/health/story/5965/5092785,,,
「哪天出意外，我不希望帶給家人太多困擾」29歲上班族 超前部署各式保險,https://health.udn.com/health/story/10429/5092926,,,
2020退休力大調查／避免啃老 律師提供這幾招,https://health.udn.com/health/story/122929/5092557,,,
29歲上班族 超前部署各式保險,https://health.udn.com/health/story/122929/5092142,,,
鮭魚 我的健康，交給你了！,https://health.udn.com/health/story/6036/5085504,,,
百歲人瑞搭小黃忘住址 被送派出所連稱「我沒做壞事」,https://health.udn.com/health/story/5999/5086761,,,
家人中風開銷要多少？他曝花費大嘆：不知這樣是在活什麼,https://health.udn.com/health/story/6631/5079170,,,
數位醫療新科技／AI預測心梗 未來只要看眼底,https://health.udn.com/health/story/122419/5076702,,,
家庭照顧者壓力大 社工師籲多愛自己一些,https://health.udn.com/health/story/6631/5076047,,,
照顧90歲失智丈夫心累 奇美醫讓78歲的她喘口氣,https://health.udn.com/health/story/6631/5075591,,,
數位醫療新科技／一張眼底圖可望揪出全身疾病 長庚盼3年內預測心肌梗塞,https://health.udn.com/health/story/122419/5075135,,,
招名威／鋁鍋易引起失智症？其實很難！3不原則使用更放心,https://health.udn.com/health/story/6008/5068509,,,
醫病天地／冬陰雨日照少 失智嬤夜難眠,https://health.udn.com/health/story/5965/5071410,,,
60歲看起來像40歲！吳明珠中醫師善用8養生法，快樂度過更年期,https://health.udn.com/health/story/6039/5063815,,,
醫病天地／無止盡收養貓狗 也是囤物症,https://health.udn.com/health/story/5964/5053120,,,
自己行動不便，帶86歲失智母遊歐100日！遲慧芳：說走就走，人生會改變,https://health.udn.com/health/story/10429/5051865,,,
心悸、喘、疲倦小心是心房顫動！  死亡率增3.5倍，藥物無效該怎麼治療？,https://health.udn.com/health/story/5977/5040329,,,
「我老了之後，一定把自己送進安養中心！」于美人中年後的人生體悟：沒有愛的孝順，只是枷鎖而已,https://health.udn.com/health/story/10429/5039105,,,
停止退化的多重災難！權威醫師教你2種方法降死亡率,https://health.udn.com/health/story/6039/5035253,,,
24歲孫女獨自照顧失智嬤  笑談與老室友相處訣竅,https://health.udn.com/health/story/6631/5024687,,,
高鐵質食物會增加阿茲海默症風險？教授告訴你真相,https://health.udn.com/health/story/6037/5023836,,,
研究：「愛情荷爾蒙」 或許可延緩失智症發生,https://health.udn.com/health/story/6008/5012740,,,
保持健康且長壽3要件 研究：最重要的做越少壽命越短,https://health.udn.com/health/story/6039/5012741,,,
研究：5分之1冠狀病毒患者康復後 出現精神疾病,https://health.udn.com/health/story/120951/5007418,,,
心律不整提高死亡率1.5至3.5倍 心導管電燒治療效果佳,https://health.udn.com/health/story/5977/5002712,,,
醫奉30／別人不敢收的特殊族群 他們奉獻一生行醫路,https://health.udn.com/health/story/6001/4997028,,,
善終好難…她當年為父拔管 做好坐牢準備,https://health.udn.com/health/story/6005/4992678,,,
椰子油拿來喝預防失智症？營養師點出這個理由，恐怕更傷身,https://health.udn.com/health/story/6037/4990642,,,
長輩暫時性精神失常，是「瘋了」嗎？精神科醫師說：NO！可能是這疾病導致,https://health.udn.com/health/story/5965/4979658,,,
醫奉30／唐氏症兒讓他感同身受！其他牙醫「懼收」的特殊族群，黃明裕都看,https://health.udn.com/health/story/6001/4983568,,,
超過半數人以為失智症是正常老化 你也有錯誤觀念嗎？,https://health.udn.com/health/story/5965/4976071,,,
放棄無效醫療，讓病人走得安心！黃勝堅：唯有認識死亡才懂得如何善終,https://health.udn.com/health/story/6631/4973592,,,
【免費報名】udn x WaCare失智照護線上課程,https://health.udn.com/health/story/122289/4969542,,,
照護選擇／「媽媽，我沒有不要你！」將失智母親送到安養院，是我最好的選擇,https://health.udn.com/health/story/121919/4955598,,,
健康老化關鍵？專家提出避免年老衰弱最佳方案是…,https://health.udn.com/health/story/6039/4951954,,,
話到嘴邊就忘？營養師教你補充4大健腦營養素助改善,https://health.udn.com/health/story/6037/4945925,,,
母親臨走前去旅行他不能諒解、事後卻氣自己 暖醫：有時，需要被救的是「家屬」,https://health.udn.com/health/story/6005/4942264,,,
新北推失智手環 明年失智村開用,https://health.udn.com/health/story/6631/4934878,,,
長輩水腦症失憶、常跌倒 醫：易誤認退化失智延誤就醫,https://health.udn.com/health/story/5965/4933928,,,
抗憂鬱藥服用人數暴增 女多於男,https://health.udn.com/health/story/5964/4928016,,,
看精神科不再害羞 140萬人服抗憂鬱藥 五年增逾20萬,https://health.udn.com/health/story/5964/4927487,,,
醫病平台／ 面臨生死關卡  家屬的萬般艱難仰賴醫療端的用心與智慧來紓解,https://health.udn.com/health/story/6001/4907444,,,
失智友善／都會區是友善慢老好厝所 臺北市失智照護網絡服務,https://health.udn.com/health/story/121922/4909399,,,
我要活到100歲／黃世傑帶您一起 探究高齡健康祕訣,https://health.udn.com/health/story/6631/4909393,,,
吃東西常嗆到，小心是吞嚥障礙！  非單純退化引起，3疾病都可能發生,https://health.udn.com/health/story/5969/4905564,,,
只是想好好死，有這麼難嗎？「荷蘭安樂死實錄」教會我的「幸福死」,https://health.udn.com/health/story/6005/4896612,,,
吃魚能變聰明？防失智？專家指5大好處：還能降心血管疾病風險,https://health.udn.com/health/story/6037/4890158,,,
老是喝到斷片不省人事？研究：罹患失智症風險大增,https://health.udn.com/health/story/6008/4888505,,,
巴金森氏症早期有明顯6大警訊！ 手抖、便祕、動作遲緩別以為只是在變老,https://health.udn.com/health/story/5965/4882759,,,
陳亮恭／每天推著太太散步說話，最後卻得殺了她…長照之路真的只能悲劇收場嗎？,https://health.udn.com/health/story/8250/4875855,,,
失智症仍無法治癒，不代表一定失能　還是可有尊嚴的正常生活！,https://health.udn.com/health/story/5965/4870838,,,
消除慢性疲勞的壓力照護 日本名醫教你輕鬆煥然一新,https://health.udn.com/health/story/5964/4867880,,,
銀髮族吞嚥難 嗆到恐吸入性肺炎,https://health.udn.com/health/story/6631/4863324,,,
銀髮族吞嚥難 「嗆到」非小事 恐致營養不良或肺炎,https://health.udn.com/health/story/5969/4862092,,,
七月看到鬼？藥物不良反應引幻覺,https://health.udn.com/health/story/6012/4858084,,,
50+娛樂！下午就開的酒吧，「頂級世代」進場搖滾,https://health.udn.com/health/story/120708/4846032,,,
「為什麼都是我在顧？」婆婆住院媳沒照顧遭指責！長輩照顧該如何協調？,https://health.udn.com/health/story/6631/4850086,,,
天熱「呼乾啦」藏危機！飲酒過量恐變胖 也影響免疫系統,https://health.udn.com/health/story/6008/4844287,,,
安寧病房、安寧共照、居家安寧有什麼不同？專家解析你必須知道的6個問題,https://health.udn.com/health/story/6005/4834179,,,
長輩門診最愛問：這也痛、那裡痛，卻找不到病因  當心是憂鬱！,https://health.udn.com/health/story/120705/4836528,,,
清大用晶體結構解開腦部鈣化之謎 治療失智露曙光,https://health.udn.com/health/story/5965/4822898,,,
不只是老化！長輩吃東西吃得好累 其實隱藏疾病前兆,https://health.udn.com/health/story/6631/4817982,,,
老化讓食物容易跑錯地方 吸入性肺炎死亡率高達5成,https://health.udn.com/health/story/6631/4817974,,,
不成為詐騙肥羊！為失智者打造「守護者社區」,https://health.udn.com/health/story/120708/4818862,,,
食物「打成泥」沒人愛吃！營養師教這樣調理吞嚥困難者菜單,https://health.udn.com/health/story/6631/4809961,,,
【金融人員必修照護課】對失智症者不要做的13件事,https://health.udn.com/health/story/120705/4799843,,,
自製沙拉／避免維生素氧化流失 葉菜類用手撕別用刀切,https://health.udn.com/health/story/6037/4800502,,,
怕晚年淪詐騙肥羊？ 4個法律動作 守住養老錢,https://health.udn.com/health/story/120708/4801194,,,
詐騙血淚史 劉慧芳10年追討耗盡心力,https://health.udn.com/health/story/120708/4801151,,,
長輩一到傍晚就情緒失控？可能是跟這種病有關係,https://health.udn.com/health/story/5965/4799991,,,
潘懷宗／發病前20年就有跡象 抽血檢測阿茲海默症可望成真,https://health.udn.com/health/story/7426/4793721,,,
動不動就生氣、日夜顛倒...？這8個徵兆和失智症有關,https://health.udn.com/health/story/120705/4791339,,,
人生難免有遺憾！謝祖武：傷悲無用，不如珍惜相聚、多賺點錢、肌肉多一點,https://health.udn.com/health/story/10429/4785475,,,
新竹「樂活新竹 憶啟安居」走訪眷村探索動物園－打造失智友善社區,https://health.udn.com/health/story/120705/4783171,,,
診查失智 高市大同醫院導入人工智慧,https://health.udn.com/health/story/5965/4780146,,,
大同醫院導入人工智慧 有機會及早診斷阿茲海默症,https://health.udn.com/health/story/5965/4778924,,,
快速起身會頭暈 失智症風險增加,https://health.udn.com/health/story/6008/4767788,,,
吳佳璇／啊！沒關係啦！,https://health.udn.com/health/story/10844/4763879,,,
爬個樓梯就覺得累 長者宅在家當心衰弱症上身,https://health.udn.com/health/story/6039/4751439,,,
劉秀枝／我愛健行：不僅有益身心，更是感官饗宴,https://health.udn.com/health/story/7392/4745763,,,
用藝術開帖「快樂處方箋」－8旬失智奶奶開畫展,https://health.udn.com/health/story/120708/4736748,,,
癌症人人都可能會得，醫師也一樣！劉秀枝：得乳癌，我算抽到好籤,https://health.udn.com/health/story/6013/4709561,,,
長照真是好生意？居服單位暴增三倍搶人亂象多,https://health.udn.com/health/story/6631/4701425,,,
AI預測情緒 北榮長照變聰明,https://health.udn.com/health/story/6631/4699532,,,
影／國衛院發現 幹細胞「外泌體」可修復受損神經細胞,https://health.udn.com/health/story/6008/4697688,,,
巴金森氏症病發時不只會手抖！5非典型症狀別當正常,https://health.udn.com/health/story/5965/4695741,,,
夏日防疫 長者口罩戴不住怎辦？,https://health.udn.com/health/story/120952/4690475,,,
便祕、憂鬱...可能是巴金氏症的前兆,https://health.udn.com/health/story/5965/4683947,,,
好歌喉一唱80年－不識字的8旬嬤，把家鄉記憶哼成曲,https://health.udn.com/health/story/120708/4676016,,,
開口大聲唱歌 訓練你的吞嚥力,https://health.udn.com/health/story/120705/4677757,,,
失智症的10大警訊！與失智症拔河該學的一門課,https://health.udn.com/health/story/120705/4677915,,,
「長照防疫最想問」新竹首發 王宗曦：抗疫從顧好長輩開始,https://health.udn.com/health/story/120952/4674940,,,
韓劇「精神病」男星盼不到家人關愛致病 醫師談機轉,https://health.udn.com/health/story/5964/4666306,,,
社交孤立會要人命！為什麼年長者不再建立新關係？,https://health.udn.com/health/story/10429/4664019,,,
肥胖、不孕、老化又易累...恐是「糖化」惹的禍！日醫教這樣吃對「限醣飲食」,https://health.udn.com/health/story/6037/4645975,,,
榮總研究：發炎性腸道疾病患者 失智症風險較高,https://health.udn.com/health/story/5976/4657581,,,
總在半夜驚醒就難入睡？ 調整5行為一覺到天亮,https://health.udn.com/health/story/5964/4655096,,,
婉拒國民黨補選徵召／徹夜開刀，隔天演講還元氣飽滿！「超人」陳肇隆這樣養體力,https://health.udn.com/health/story/6039/2915690,,,
四成65歲以上長者聽障 應即早治療避免社交障礙,https://health.udn.com/health/story/5969/4646727,,,
用什麼鍋煮湯，決定你喝進什麼！顏宗海教你6種鍋具安心用法,https://health.udn.com/health/story/6008/4640974,,,
名人養生祕訣／張忠謀把健康當企業管、馬哈地不被美食誘惑！,https://health.udn.com/health/story/120705/4615198,,,
搞不懂長照防疫？新竹市發表首本QA工具書 邀21名專家解惑,https://health.udn.com/health/story/121019/4638481,,,
你是健忘還是早期失智？「失智症篩檢量表」測測看,https://health.udn.com/health/story/120705/4496102,,,
「孫子年輕，爺奶智慧」全家玩桌遊，鬥智看誰贏！,https://health.udn.com/health/story/120708/4615339,,,
夏天減肥好難？  營養師私藏TOP10燃脂食材大公開,https://health.udn.com/health/story/6037/4615593,,,
開白內障突然坐起 幽閉恐懼症發作,https://health.udn.com/health/story/5970/4608877,,,
動白內障手術突想坐起來 他幽閉恐懼症發作,https://health.udn.com/health/story/5970/4607120,,,
首本民眾版工具書 55個QA幫你搞懂長照防疫,https://health.udn.com/health/story/6631/4606801,,,
口不擇言、開黃腔、摸人屁 ─ 注意！可能是初期失智,https://health.udn.com/health/story/120705/4590856,,,
長輩很酷！93歲網紅阿嬤逗樂全球 900萬人等她惡作劇,https://health.udn.com/health/story/120708/4575003,,,
吃當季／龍鬚菜含鋅量高防失智 挑這種的最鮮嫩,https://health.udn.com/health/story/6036/4588515,,,
年輕失智比老年人更嚴重 「知覺統合治療」扶家人一把,https://health.udn.com/health/story/120705/4574923,,,
腦部退化跟飲食有關? 10類健腦食物讓你從年輕就開始預防,https://health.udn.com/health/story/6037/4583406,,,
幫助困在失智迷霧中家庭 鄭嘉欣成為不一樣的律師,https://health.udn.com/health/story/120705/4584430,,,
律師教你3招 守護失智長輩財務,https://health.udn.com/health/story/120705/4584432,,,
照護選擇／是病人覺得可憐，還是你覺得可憐？臨床心理師建議 選擇失智症照顧機構該考量這些,https://health.udn.com/health/story/121919/4575210,,,
今是國際帕金森日 醫師2項運動建議 望病友運動抗疫,https://health.udn.com/health/story/10695/4483114,,,
吳佳璇／尋找照護的靈魂,https://health.udn.com/health/story/10844/4568880,,,
疫區手記／當我忘了你…疫情下的失智老人們,https://health.udn.com/health/story/120953/4559813,,,
酒後易臉紅 小心加速失智上身,https://health.udn.com/health/story/5965/4553784,,,
愛吃甜食、長期失眠...　生活中竟藏著這8個會傷害大腦的因素！,https://health.udn.com/health/story/5965/4530069,,,
哈佛醫給失智妻的情書「她認我是陌生人，要我滾」,https://health.udn.com/health/story/120705/4490672,,,
劉秀枝／從醫學文獻得出的三個「21世紀的長壽處方」,https://health.udn.com/health/story/7392/4347399,,,
我要回家！失智者令人心痛的渴望,https://health.udn.com/health/story/120705/4284929,,,
年紀越大腦力越差？日常這10件小事都在悄悄破壞腦力,https://health.udn.com/health/story/5965/4275263,,,
銀髮族缺牙 植牙假牙怎選擇？,https://health.udn.com/health/story/5968/4570488,,,
2020長智論壇揭幕／長照家庭避免失和 線上開啟對話,https://health.udn.com/health/story/6631/4564491,,,
我們都有病：媽媽妳是最美的光頭、你的爺爺不是你的爺爺,https://health.udn.com/health/story/120705/4541413,,,
長輩堅持不看精神科，怎麼辦？醫師提6訣竅,https://health.udn.com/health/story/120705/4543166,,,
「一場沒有勝利者的戰爭」張曼娟：這一刻我瓦解了,https://health.udn.com/health/story/120705/4523937,,,
補償金申請懶人包／受隔離、檢疫者和照顧者，補償金申請詳細辦法,https://health.udn.com/health/story/121019/4447811,,,
伴失智母三遷 他造玻璃屋陪9旬母「童言童語」,https://health.udn.com/health/story/120705/4431338,,,
謝敏蘭／7個巧思 失智者在家防疫不悶,https://health.udn.com/health/story/121923/4361676,,,
照顧父母誰之責？媳婦「重擔一肩扛，想人生重來」,https://health.udn.com/health/story/120705/4345320,,,
陳亮恭／失智照顧 穩定情緒是關鍵,https://health.udn.com/health/story/8250/4297212,,,
甜蜜的負擔 致照顧者 那個我最親愛的陌生人,https://health.udn.com/health/story/120705/4294653,,,
安養機構圍爐年味不減 回家需評估失智者認知與行動力,https://health.udn.com/health/story/6631/4282040,,,
腦部健檢／自爆有巴金森基因 張善政：精準醫療預防疾病,https://health.udn.com/health/story/122253/4223168,,,
友善失智可以這樣做 標示圖像化 地面不反光,https://health.udn.com/health/story/120705/4431568,,,
為長輩保留食物養分 先切碎再煮熟還是煮熟再切碎？,https://health.udn.com/health/story/6631/4415489,,,
注意長輩用藥！9成初次拿精神藥物非醫師處方,https://health.udn.com/health/story/6631/4380614,,,
宅在家 靜心學習正是時候,https://health.udn.com/health/story/120953/4518738,,,
「間歇性」走路好處多 走對了可減肥又健身,https://health.udn.com/health/story/5974/4436818,,,
啤酒、起司降腸癌、肺癌風險！…哈佛教授：這些看似不太健康的食物，其實是長壽秘訣,https://health.udn.com/health/story/6037/4313050,,,
出現這種「斑」竟提高癌症風險！醫師揭白斑可能帶來的5種可怕疾病,https://health.udn.com/health/story/5971/4292933,,,
長期日走萬步仍成效不彰？體能訓練專家教你改這樣做,https://health.udn.com/health/story/6008/4289281,,,
這樣動不失智 全台據點比創意,https://health.udn.com/health/story/120705/4239588,,,
打破迷思！ 吃太清淡反而容易衰老無力,https://health.udn.com/health/story/120705/4300060,,,
疫情下的母親節 長照探親「好久沒摸奶奶的臉」,https://health.udn.com/health/story/120953/4552507,,,
診所也有週年慶？台東都蘭診所推動社區型「在宅醫療」,https://health.udn.com/health/story/120705/4336911,,,
翻轉臨終醫療—日本打造「共生之家」與病人建立類家人關係,https://health.udn.com/health/story/120705/4222388,,,
緩解失眠 中醫師建議改變作息,https://health.udn.com/health/story/5964/4581337,,,
你一周失眠3天嗎？醫師建議：趕快就診,https://health.udn.com/health/story/120705/4576814,,,
一直掉頭髮、容易累…醫：貧血有14症狀，多吃這些食物補營養,https://health.udn.com/health/story/5962/4541432,,,
六十歲如何盡情享受當下？ 從「寫日記」開始吧！,https://health.udn.com/health/story/120705/4343804,,,
忘了關水關瓦斯…記憶力減退就離失智症不遠了嗎？,https://health.udn.com/health/story/6008/4287510,,,
慢性病患者熬夜打牌追劇  醫師：小心過年發病,https://health.udn.com/health/story/5965/4302033,,,
失智者回家過年 別考驗長輩跟他玩「猜猜我是誰」,https://health.udn.com/health/story/6631/4282205,,,
影／過勞睡不好恐變笨 醫提7招預防與改善過勞法,https://health.udn.com/health/story/5964/4257575,,,
調節大腦神經 磁刺激改善憂鬱,https://health.udn.com/health/story/5964/4365397,,,
憂鬱過勞死的前一步，就是腦疲勞！台大醫師：上班族要拒絕的5件事,https://health.udn.com/health/story/5964/4258889,,,
長者防跌 要小心及注意居家環境,https://health.udn.com/health/story/120705/4500374,,,
熟齡族「保命防跌」 幾個居家眉角要先注意！,https://health.udn.com/health/story/120705/4473258,,,
無法一覺到天明？30歲後即正常老化 9成無關失眠,https://health.udn.com/health/story/120705/4378073,,,
別輕忽「內臟脂肪」中年肥胖更易致癌！,https://health.udn.com/health/story/120705/4343752,,,
人生最後一哩路 選擇「被活著」還是帶著尊嚴離開,https://health.udn.com/health/story/120705/4302967,,,
如何讓肌肉休息？睡眠品質是關鍵！,https://health.udn.com/health/story/120705/4288774,,,
小心！頭暈不簡單，到底該看哪一科？,https://health.udn.com/health/story/120705/4284978,,,
持續運動 讓肌肉細胞如同25歲年輕人,https://health.udn.com/health/story/120705/4276699,,,
藥業董事長盛保熙：世界正逢巨變 開啟孩子國際觀,https://health.udn.com/health/story/120953/4518749,,,
春節飲酒過頭、創傷症候群 醫師呼籲小心成酒癮要就醫,https://health.udn.com/health/story/5964/4311068,,,
做到4個改變 新年新希望不落空,https://health.udn.com/health/story/120708/4253646,,,
失智者易中暑 醫：留意疾病、微胖、藥物3因子,https://health.udn.com/health/story/5964/4548870,,,
疫情致「失志症候群」 可用自我評量表檢視,https://health.udn.com/health/story/120952/4510669,,,
建議不吃早餐！日醫「減醣飲食」推7大守則,https://health.udn.com/health/story/6032/4278519,,,
運動有助「血管逆齡」！研究：跑步6個月血管年輕4歲,https://health.udn.com/health/story/6033/4278749,,,
口水分泌少.易口臭蛀牙！  醫生教你愛牙4字訣預防,https://health.udn.com/health/story/5968/4533071,,,
10個慢老單字：關於老年，你該有的10個態度,https://health.udn.com/health/story/120708/4346125,,,
夢到外遇、生病只是做夢？夢境諮詢師告訴你三種最容易被預知的夢境,https://health.udn.com/health/story/8137/4541479,,,
房間溫度每降低一度就老2歲 研究證實室溫過低傷腦,https://health.udn.com/health/story/10561/4304539,,,
林靜芸／創造美麗回憶 陪伴父母老去,https://health.udn.com/health/story/7403/4227133,,,
斜槓人生讓她39歲就更年期  婦產科醫點出4關鍵,https://health.udn.com/health/story/5966/4265905,,,